ID_Paciente,Data,Media_HR_Repouso,Desvio_Padrao_HR,Pico_HR_90pct,Delta_Baseline,Status_Alvo
P111019,2025-11-28,80.29,14.45,102.0,1.91,0
P111019,2025-11-29,77.55,8.25,87.0,-0.83,0
P111019,2025-11-30,66.9,8.0,76.0,-11.48,0
P111019,2025-12-01,86.29,19.74,109.3,7.91,0
P111019,2025-12-02,80.86,11.91,93.0,2.48,0
P111019,2025-12-03,76.41,14.56,96.0,-1.97,2
P111019,2025-12-04,82.72,11.86,94.0,4.34,2
P111019,2025-12-05,79.66,15.5,98.0,1.28,0
P111019,2025-12-06,77.58,11.97,91.4,-0.8,0
P111019,2025-12-07,75.38,12.66,92.0,-3.0,0
P111019,2025-12-08,80.66,18.88,110.0,2.28,0
P111019,2025-12-09,70.7,8.51,82.0,-7.68,0
P111019,2025-12-10,85.2,25.16,122.0,6.82,0
P111019,2025-12-11,74.09,10.89,91.0,-4.29,0
P111019,2025-12-12,79.63,17.16,100.0,1.25,0
P111019,2025-12-13,73.8,8.81,85.0,-4.58,0
P111019,2025-12-14,81.8,10.74,95.0,3.42,2
P111019,2025-12-15,76.49,13.79,96.0,-1.89,0
P111019,2025-12-16,73.94,9.96,84.0,-4.44,0
P111019,2025-12-17,75.52,13.83,94.0,-2.86,0
P111019,2025-12-18,69.95,11.66,87.0,-8.43,2
P111019,2025-12-19,77.46,14.14,98.8,-0.92,0
P111019,2025-12-20,73.15,8.79,84.0,-5.23,0
P111019,2025-12-21,76.47,9.68,89.0,-1.91,0
P111019,2025-12-22,81.17,10.02,96.0,2.79,2
P111019,2025-12-23,76.27,11.96,92.0,-2.11,0
P111019,2025-12-24,72.29,14.13,90.0,-6.09,0
P111019,2025-12-25,88.32,17.6,113.0,9.94,2
P111019,2025-12-26,78.28,14.58,98.0,-0.1,0
P111019,2025-12-27,82.66,10.07,96.0,4.28,0
P111019,2025-12-28,72.87,10.88,87.0,-5.51,0
P111019,2025-12-29,79.44,15.88,102.0,1.06,0
P111019,2025-12-30,86.5,16.8,111.0,8.12,0
P111019,2025-12-31,83.78,11.06,99.0,5.4,2
P111019,2026-01-01,81.48,15.44,99.1,3.1,2
P111019,2026-01-02,85.03,14.17,104.0,6.65,2
P111019,2026-01-03,82.51,12.08,97.0,4.13,1
P111019,2026-01-04,89.15,14.85,113.0,10.77,1
P111019,2026-01-05,83.95,11.73,97.0,5.57,1
P111019,2026-01-06,92.96,21.58,121.0,14.58,0
P111019,2026-01-07,84.07,15.14,104.0,5.69,0
P111019,2026-01-08,81.37,12.76,100.0,2.99,0
P111019,2026-01-09,82.44,9.65,93.0,4.06,0
P111019,2026-01-10,82.5,15.75,107.0,4.12,0
P111019,2026-01-11,80.63,12.14,98.0,2.25,0
P111019,2026-01-12,86.89,13.57,106.0,8.51,0
P111019,2026-01-13,73.17,10.78,86.0,-5.21,0
P111019,2026-01-14,97.36,13.86,115.0,18.98,0
P111019,2026-01-15,92.93,14.07,114.0,14.55,2
P111019,2026-01-16,86.1,12.09,101.0,7.72,2
P111019,2026-01-17,81.51,10.86,95.0,3.13,2
P111019,2026-01-18,78.47,12.5,96.0,0.09,0
P111019,2026-01-19,78.93,15.35,101.0,0.55,0
P111019,2026-01-20,78.86,10.98,94.0,0.48,0
P111019,2026-01-21,83.24,14.14,104.0,4.86,0
P111019,2026-01-22,83.36,10.6,93.0,4.98,2
P111019,2026-01-23,77.81,9.73,91.0,-0.57,2
P111019,2026-01-24,84.8,13.4,101.0,6.42,0
P111019,2026-01-25,75.47,12.67,95.9,-2.91,0
P111019,2026-01-26,74.92,15.0,98.0,-3.46,0
P111019,2026-01-27,71.65,17.62,102.0,-6.73,0
P111019,2026-01-28,77.0,13.63,94.0,-1.38,0
P111019,2026-01-29,73.85,12.55,93.0,-4.53,0
P111019,2026-01-30,84.14,17.62,106.0,5.76,0
P111019,2026-01-31,77.34,10.15,92.0,-1.04,0
P111019,2026-02-01,69.15,11.0,83.0,-9.23,0
P111019,2026-02-02,76.23,17.07,108.0,-2.15,0
P111019,2026-02-03,75.81,17.03,106.0,-2.57,0
P111019,2026-02-04,79.04,17.21,104.0,0.66,0
P111019,2026-02-05,68.37,10.49,83.0,-10.01,0
P111019,2026-02-06,78.07,15.7,102.0,-0.31,0
P111019,2026-02-07,70.67,8.23,82.0,-7.71,0
P111019,2026-02-08,83.1,20.01,109.0,4.72,0
P111019,2026-02-09,78.11,13.56,101.0,-0.27,0
P111019,2026-02-10,70.67,15.52,97.0,-7.71,0
P111019,2026-02-11,77.19,14.2,93.0,-1.19,0
P111019,2026-02-12,68.6,14.05,92.0,-9.78,0
P111019,2026-02-13,89.49,10.64,100.0,11.11,0
P111019,2026-02-14,77.16,9.38,88.0,-1.22,2
P111019,2026-02-15,78.2,8.69,90.0,-0.18,2
P111019,2026-02-16,80.32,12.83,96.0,1.94,0
P111019,2026-02-17,76.5,9.94,89.0,-1.88,0
P111019,2026-02-18,70.33,11.27,87.0,-8.05,0
P111019,2026-02-19,98.97,19.55,122.0,20.59,0
P111019,2026-02-20,78.66,11.58,91.0,0.28,2
P111019,2026-02-21,81.63,14.8,99.0,3.25,2
P111019,2026-02-22,75.21,12.75,95.0,-3.17,0
P111019,2026-02-23,75.59,25.03,119.0,-2.79,0
P111019,2026-02-24,84.34,12.84,103.0,5.96,0
P111019,2026-02-25,80.26,15.03,105.4,1.88,2
P111019,2026-02-26,87.33,17.37,113.0,8.95,2
P111019,2026-02-27,82.68,14.64,101.0,4.3,0
P111019,2026-02-28,80.91,11.38,98.0,2.53,0
P111019,2026-03-01,81.62,17.87,107.0,3.24,0
P111019,2026-03-02,78.53,11.67,91.0,0.15,0
P111019,2026-03-03,82.14,20.47,113.0,3.76,0
P111019,2026-03-04,82.97,12.43,97.0,4.59,0
P111019,2026-03-05,75.34,12.29,91.0,-3.04,2
P111019,2026-03-06,84.68,23.01,117.3,6.3,0
P111019,2026-03-07,81.31,14.93,104.0,2.93,0
P111019,2026-03-08,78.5,12.59,94.0,0.12,0
P111019,2026-03-09,79.38,12.33,96.0,1.0,0
P111019,2026-03-10,88.19,13.28,106.0,9.81,0
P111019,2026-03-11,81.09,15.51,106.0,2.71,2
P111019,2026-03-12,81.86,11.42,96.0,3.48,2
P111019,2026-03-13,81.31,12.72,98.0,2.93,0
P111019,2026-03-14,84.69,11.06,98.0,6.31,0
P111019,2026-03-15,82.83,12.04,97.0,4.45,0
P111019,2026-03-16,89.64,9.47,102.0,11.26,1
P111019,2026-03-17,78.41,8.64,88.0,0.03,2
P111019,2026-03-18,99.08,13.28,115.0,20.7,2
P111019,2026-03-19,76.66,11.95,93.0,-1.72,2
P111019,2026-03-20,89.46,16.59,107.0,11.08,2
P111019,2026-03-21,85.23,12.03,99.0,6.85,0
P111019,2026-03-22,88.79,8.39,100.0,10.41,0
P111019,2026-03-23,96.5,13.4,113.0,18.12,2
P111019,2026-03-24,88.36,14.0,109.0,9.98,2
P111019,2026-03-25,88.69,11.71,103.0,10.31,2
P111019,2026-03-26,83.21,14.37,103.0,4.83,0
P111019,2026-03-27,86.56,10.93,100.0,8.18,0
P111019,2026-03-28,79.66,10.29,94.0,1.28,0
P111019,2026-03-29,79.0,12.64,97.0,0.62,0
P111019,2026-03-30,85.12,11.06,99.0,6.74,0
P111019,2026-03-31,85.63,12.42,100.0,7.25,2
P111019,2026-04-01,92.08,13.75,105.1,13.7,2
P111019,2026-04-02,88.88,14.55,106.0,10.5,2
P111019,2026-04-03,84.24,16.43,109.0,5.86,0
P111019,2026-04-04,83.34,13.33,100.0,4.96,0
P111019,2026-04-05,79.29,14.29,100.0,0.91,0
P111019,2026-04-06,80.58,12.21,98.0,2.2,0
P111019,2026-04-07,84.15,9.89,95.0,5.77,1
P111019,2026-04-08,81.87,14.16,102.0,3.49,0
P111019,2026-04-09,80.19,13.95,97.0,1.81,0
P111019,2026-04-10,91.06,8.64,101.0,12.68,2
P111019,2026-04-11,86.5,12.58,103.0,8.12,2
P111019,2026-04-12,80.64,13.01,102.0,2.26,0
P111019,2026-04-13,93.03,14.44,110.0,14.65,0
P111019,2026-04-14,91.58,14.65,110.0,13.2,2
P111019,2026-04-15,99.01,11.44,111.0,20.63,2
P111019,2026-04-16,94.77,8.11,104.0,16.39,2
P111019,2026-04-17,105.37,17.64,129.7,26.99,2
P111019,2026-04-18,90.41,12.25,105.0,12.03,2
P111019,2026-04-19,87.26,6.6,95.0,8.88,2
P111019,2026-04-20,82.33,11.17,96.0,3.95,0
P111019,2026-04-21,74.63,9.77,87.0,-3.75,0
P111019,2026-04-22,69.01,10.42,84.0,-9.37,0
P111019,2026-04-23,79.68,6.33,88.0,1.3,0
P111019,2026-04-24,73.44,16.29,98.0,-4.94,0
P111019,2026-04-25,75.17,9.96,87.6,-3.21,0
P111019,2026-04-26,77.26,10.02,89.0,-1.12,0
P111019,2026-04-27,80.49,9.62,92.8,2.11,0
P111019,2026-04-28,76.87,12.36,90.0,-1.51,0
P111019,2026-04-29,85.66,11.14,98.0,7.28,1
P111019,2026-04-30,79.4,12.76,101.3,1.02,0
P111019,2026-05-01,81.13,10.03,93.0,2.75,0
P111019,2026-05-02,79.24,12.61,97.0,0.86,0
P111019,2026-05-03,78.08,8.67,88.0,-0.3,0
P111019,2026-05-04,89.77,10.16,103.0,11.39,0
P111019,2026-05-05,81.89,12.75,98.0,3.51,2
P111019,2026-05-06,86.46,11.74,103.0,8.08,2
P111019,2026-05-07,81.9,14.16,99.0,3.52,2
P111019,2026-05-08,81.05,12.82,98.0,2.67,0
P111019,2026-05-09,79.21,9.81,91.0,0.83,0
P111019,2026-05-10,74.23,10.64,87.0,-4.15,0
P111019,2026-05-11,78.68,12.92,96.0,0.3,0
P111019,2026-05-12,83.82,16.31,107.0,5.44,0
P111019,2026-05-13,85.45,12.55,103.5,7.07,0
P111019,2026-05-14,75.68,14.7,94.0,-2.7,0
P111019,2026-05-15,85.63,10.21,98.0,7.25,0
P111019,2026-05-16,80.23,9.98,94.0,1.85,0
P111019,2026-05-17,73.66,13.06,92.0,-4.72,0
P111019,2026-05-18,87.85,21.13,118.5,9.47,0
P111019,2026-05-19,82.01,12.0,95.1,3.63,0
P111019,2026-05-20,91.18,14.96,113.0,12.8,2
P111019,2026-05-21,84.81,12.77,103.0,6.43,2
P111019,2026-05-22,81.89,14.94,102.0,3.51,0
P111019,2026-05-23,79.15,16.55,104.0,0.77,0
P111019,2026-05-24,77.95,9.32,89.0,-0.43,0
P111019,2026-05-25,81.16,17.76,108.0,2.78,0
P111019,2026-05-26,77.11,11.0,91.0,-1.27,0
P111019,2026-05-27,84.05,14.2,103.0,5.67,2
P111019,2026-05-28,83.28,10.73,96.0,4.9,2
P111019,2026-05-29,73.65,9.74,85.0,-4.73,0
P111019,2026-05-30,82.89,7.78,94.0,4.51,0
P182427,2027-05-19,69.61,13.33,91.0,0.39,0
P182427,2027-05-20,67.18,10.5,83.0,-2.04,0
P182427,2027-05-21,71.58,14.0,92.0,2.36,0
P182427,2027-05-22,69.46,8.7,81.0,0.24,0
P182427,2027-05-23,68.28,10.09,81.1,-0.94,0
P182427,2027-05-24,75.44,12.79,95.0,6.22,0
P182427,2027-05-25,73.18,11.23,90.7,3.96,0
P182427,2027-05-26,74.87,13.47,95.0,5.65,0
P182427,2027-05-27,78.02,13.17,95.0,8.8,0
P182427,2027-05-28,77.66,13.1,97.0,8.44,0
P182427,2027-05-29,69.34,9.7,83.0,0.12,0
P182427,2027-05-30,74.23,9.74,89.0,5.01,0
P182427,2027-05-31,74.54,9.37,85.0,5.32,2
P182427,2027-06-01,74.39,8.11,84.0,5.17,2
P182427,2027-06-02,77.26,11.02,94.0,8.04,2
P182427,2027-06-03,76.53,10.02,89.0,7.31,2
P182427,2027-06-04,78.23,9.65,92.0,9.01,2
P182427,2027-06-05,74.73,6.83,83.0,5.51,2
P182427,2027-06-06,66.72,5.82,76.0,-2.5,0
P182427,2027-06-18,71.31,11.2,87.0,2.09,0
P182427,2027-06-19,70.45,8.18,81.0,1.23,0
P182427,2027-06-20,72.34,13.45,96.0,3.12,0
P182427,2027-06-21,74.52,12.28,92.7,5.3,0
P182427,2027-06-22,73.09,9.53,87.0,3.87,0
P182427,2027-06-23,73.33,12.01,89.0,4.11,0
P182427,2027-06-24,72.44,12.23,88.0,3.22,0
P182427,2027-06-25,74.58,9.22,87.0,5.36,0
P182427,2027-06-26,75.35,13.57,92.0,6.13,0
P182427,2027-06-28,74.38,14.19,101.0,5.16,0
P182427,2027-06-29,72.89,9.65,84.0,3.67,0
P182427,2027-06-30,72.6,10.7,89.0,3.38,0
P182427,2027-07-01,72.68,9.67,88.0,3.46,0
P182427,2027-07-02,73.0,8.75,84.0,3.78,0
P182427,2027-07-03,72.65,10.61,87.0,3.43,0
P182427,2027-07-04,76.41,12.79,96.0,7.19,0
P182427,2027-07-05,77.48,12.59,94.0,8.26,0
P182427,2027-07-06,68.61,9.91,82.0,-0.61,0
P182427,2027-07-07,70.28,14.91,92.0,1.06,0
P182427,2027-07-08,69.4,14.22,89.0,0.18,0
P182427,2027-07-09,67.7,9.37,82.0,-1.52,0
P182427,2027-07-10,61.72,10.46,76.8,-7.5,0
P182427,2027-07-11,65.48,13.35,87.0,-3.74,0
P182427,2027-07-12,69.2,14.01,87.0,-0.02,0
P182427,2027-07-13,67.91,13.03,87.0,-1.31,0
P182427,2027-07-14,73.68,17.89,97.8,4.46,0
P182427,2027-07-15,73.34,12.08,91.0,4.12,0
P182427,2027-07-16,70.55,12.03,87.0,1.33,0
P182427,2027-07-17,66.73,12.37,86.0,-2.49,0
P182427,2027-07-18,70.29,13.98,91.0,1.07,0
P182427,2027-07-19,72.44,13.82,92.0,3.22,0
P182427,2027-07-20,72.34,13.32,91.0,3.12,0
P182427,2027-07-21,72.84,13.34,89.0,3.62,0
P182427,2027-07-22,78.53,7.77,89.0,9.31,0
P182427,2027-07-23,76.23,11.3,95.0,7.01,1
P182427,2027-07-24,76.92,12.19,96.0,7.7,1
P182427,2027-07-25,71.38,11.89,87.0,2.16,0
P182427,2027-07-26,71.74,12.15,89.0,2.52,0
P182427,2027-07-27,70.38,10.92,87.0,1.16,0
P182427,2027-07-28,72.42,9.74,88.0,3.2,0
P182427,2027-07-29,72.32,8.8,84.0,3.1,0
P182427,2027-07-30,75.49,12.92,94.0,6.27,0
P182427,2027-07-31,71.51,9.11,83.0,2.29,0
P182427,2027-08-01,76.83,12.7,94.0,7.61,0
P182427,2027-08-02,81.16,13.41,101.0,11.94,0
P182427,2027-08-03,75.77,10.3,90.0,6.55,2
P182427,2027-08-04,77.38,13.84,98.0,8.16,0
P182427,2027-08-05,71.89,10.45,86.0,2.67,0
P182427,2027-08-06,83.33,17.36,106.0,14.11,0
P182427,2027-08-07,82.2,8.2,91.0,12.98,0
P182427,2027-08-08,71.73,8.58,83.0,2.51,0
P182427,2027-08-09,65.46,10.8,83.1,-3.76,0
P182427,2027-08-10,65.57,8.6,78.0,-3.65,0
P182427,2027-08-11,69.67,12.24,88.0,0.45,0
P182427,2027-08-12,68.86,9.71,81.0,-0.36,0
P182427,2027-08-13,70.87,8.07,81.0,1.65,0
P182427,2027-08-14,71.57,9.46,84.0,2.35,0
P182427,2027-08-15,68.3,11.4,84.0,-0.92,0
P182427,2027-08-16,73.43,15.48,98.0,4.21,0
P182427,2027-08-17,70.41,12.1,85.0,1.19,0
P182427,2027-08-18,72.61,13.71,96.0,3.39,0
P182427,2027-08-19,70.59,11.66,88.0,1.37,0
P182427,2027-08-20,76.39,9.84,90.0,7.17,0
P182427,2027-08-21,74.64,14.68,96.0,5.42,2
P182427,2027-08-22,74.04,9.11,86.0,4.82,2
P182427,2027-08-23,77.53,15.19,99.0,8.31,1
P182427,2027-08-24,80.78,14.37,103.0,11.56,1
P182427,2027-08-25,75.68,11.13,93.0,6.46,2
P182427,2027-08-26,81.46,15.54,101.6,12.24,2
P182427,2027-08-27,78.26,9.95,92.0,9.04,2
P182427,2027-12-24,74.87,8.83,89.0,5.65,0
P182427,2027-12-25,72.76,15.59,98.0,3.54,0
P182427,2027-12-26,64.65,12.38,79.0,-4.57,0
P182427,2027-12-27,70.9,17.15,100.0,1.68,0
P182427,2027-12-28,73.15,14.92,92.0,3.93,0
P182427,2027-12-29,79.94,16.57,106.0,10.72,0
P182427,2027-12-30,72.95,8.7,84.0,3.73,0
P182427,2027-12-31,67.68,11.38,83.0,-1.54,0
P182427,2028-01-01,74.38,14.07,94.0,5.16,0
P182427,2028-01-02,72.52,18.54,101.0,3.3,0
P182427,2028-01-03,75.41,12.33,95.0,6.19,0
P182427,2028-01-04,74.32,14.37,93.0,5.1,0
P182427,2028-01-05,73.27,11.31,91.0,4.05,0
P182427,2028-01-06,76.92,14.25,99.0,7.7,0
P182427,2028-01-07,77.09,10.0,89.0,7.87,0
P182427,2028-01-08,80.91,18.59,110.0,11.69,0
P182427,2028-01-09,77.52,14.1,98.0,8.3,0
P182427,2028-01-10,76.92,13.86,95.0,7.7,0
P182427,2028-01-11,75.82,14.68,100.0,6.6,0
P182427,2028-01-12,76.46,10.8,91.0,7.24,0
P182427,2028-01-13,77.65,9.91,90.0,8.43,0
P182427,2028-01-14,74.93,10.03,86.0,5.71,2
P182427,2028-01-15,75.51,13.14,95.0,6.29,0
P182427,2028-01-16,74.11,11.74,91.0,4.89,0
P182427,2028-01-17,71.43,11.5,88.7,2.21,0
P182427,2028-01-18,71.47,10.12,88.0,2.25,0
P182427,2028-01-19,72.5,9.68,87.0,3.28,0
P182427,2028-01-20,79.83,11.16,96.0,10.61,0
P182427,2028-01-21,75.45,12.35,89.0,6.23,0
P182427,2028-01-22,81.72,14.39,101.0,12.5,0
P182427,2028-01-23,74.38,13.59,88.0,5.16,2
P182427,2028-01-24,70.32,10.75,86.0,1.1,0
P182427,2028-01-25,73.67,10.42,88.0,4.45,0
P182427,2028-01-26,71.09,11.51,89.0,1.87,0
P182427,2028-01-27,80.59,17.29,104.0,11.37,0
P182427,2028-01-28,76.52,12.26,95.0,7.3,0
P182427,2028-01-29,79.64,13.15,97.0,10.42,0
P182427,2028-01-30,76.21,11.15,91.2,6.99,0
P182427,2028-01-31,75.84,12.66,91.0,6.62,0
P182427,2028-02-01,67.3,8.1,81.0,-1.92,0
P182427,2028-02-02,76.43,10.82,90.0,7.21,0
P182427,2028-02-03,78.62,12.38,98.0,9.4,1
P182427,2028-02-05,65.67,7.53,76.0,-3.55,0
P182427,2028-02-06,64.72,9.9,82.0,-4.5,0
P182427,2028-02-08,70.95,5.01,78.0,1.73,0
P182427,2028-02-10,74.68,11.14,90.0,5.46,0
P182427,2028-02-11,69.72,8.12,77.0,0.5,0
P182427,2028-02-12,69.52,5.98,78.0,0.3,0
P182427,2028-02-13,78.16,15.48,103.0,8.94,0
P182427,2028-02-14,74.27,9.42,87.0,5.05,0
P182427,2028-02-15,68.61,5.65,78.0,-0.61,0
P182427,2028-02-16,76.95,10.25,92.0,7.73,0
P182427,2028-02-18,75.87,9.88,90.0,6.65,2
P182427,2028-02-19,77.6,13.94,102.0,8.38,1
P182427,2028-02-20,84.2,9.74,95.2,14.98,1
P182427,2028-02-21,71.94,7.43,82.0,2.72,1
P182427,2028-02-22,76.95,10.5,89.1,7.73,2
P182427,2028-02-24,81.11,18.37,108.0,11.89,1
P182427,2028-02-25,77.68,10.83,95.0,8.46,1
P182427,2028-02-26,73.67,9.78,88.0,4.45,2
P182427,2028-02-27,65.72,5.6,74.0,-3.5,0
P182427,2028-02-28,67.09,6.93,76.0,-2.13,0
P182427,2028-02-29,75.23,10.8,91.0,6.01,2
P182427,2028-03-01,73.2,10.95,86.0,3.98,0
P182427,2028-03-02,76.77,11.8,91.0,7.55,0
P182427,2028-03-03,74.08,12.29,91.0,4.86,0
P182427,2028-03-04,77.95,7.64,87.0,8.73,0
P182427,2028-03-05,73.79,8.25,86.0,4.57,2
P182427,2028-03-06,77.55,12.69,97.0,8.33,1
P182427,2028-03-07,74.77,12.2,91.9,5.55,0
P182427,2028-03-08,65.28,3.36,70.0,-3.94,0
P182427,2028-03-09,72.69,8.44,83.0,3.47,0
P182427,2028-03-10,67.98,4.36,73.0,-1.24,0
P182427,2028-03-11,73.27,12.39,95.0,4.05,0
P182427,2028-03-12,67.78,8.43,78.0,-1.44,0
P182427,2028-03-13,68.79,6.75,74.0,-0.43,0
P182427,2028-03-14,74.26,10.61,87.0,5.04,0
P182427,2028-03-15,79.78,13.58,96.0,10.56,0
P182427,2028-03-16,81.24,11.18,98.0,12.02,2
P182427,2028-03-17,76.13,9.08,90.0,6.91,2
P182427,2028-03-18,75.9,8.47,89.0,6.68,2
P182427,2028-03-19,75.96,11.3,92.0,6.74,2
P182427,2028-03-20,79.21,7.99,89.0,9.99,2
P182427,2028-03-21,79.76,10.85,96.0,10.54,1
P182427,2028-03-22,80.94,10.43,96.0,11.72,1
P182427,2028-03-23,74.84,8.69,87.0,5.62,2
P182427,2028-03-24,76.24,11.21,92.0,7.02,1
P182427,2028-03-25,75.43,10.33,89.0,6.21,1
P182427,2028-03-26,70.41,11.39,85.0,1.19,0
P182427,2028-03-27,72.58,11.14,88.0,3.36,0
P182427,2028-03-28,72.52,10.1,83.0,3.3,0
P182427,2028-03-29,71.1,10.17,85.0,1.88,0
P182427,2028-03-30,75.83,11.5,91.0,6.61,0
P182427,2028-03-31,75.99,7.7,85.0,6.77,0
P182427,2028-04-01,75.38,9.57,87.0,6.16,0
P182427,2028-04-02,72.62,10.35,85.5,3.4,0
P182427,2028-04-03,79.16,14.13,100.0,9.94,0
P182427,2028-04-04,73.9,9.53,88.0,4.68,0
P182427,2028-04-05,74.78,10.71,89.0,5.56,0
P182427,2028-04-06,78.37,8.8,88.0,9.15,0
P182427,2028-04-07,76.34,11.71,91.0,7.12,0
P182427,2028-04-08,83.26,15.42,107.0,14.04,0
P182427,2028-04-09,74.28,9.22,88.0,5.06,0
P182427,2028-04-10,78.6,8.64,89.0,9.38,0
P182427,2028-04-11,73.05,9.08,85.0,3.83,0
P182427,2028-04-12,75.39,9.84,92.0,6.17,0
P182427,2028-04-13,76.09,12.51,94.0,6.87,0
P182427,2028-04-14,78.97,8.18,86.0,9.75,0
P182427,2028-04-15,75.83,11.15,91.0,6.61,0
P182427,2028-04-16,74.71,9.21,85.0,5.49,0
P182427,2028-04-17,78.2,12.34,98.0,8.98,0
P182427,2028-04-18,78.43,8.63,90.0,9.21,0
P182427,2028-04-19,74.45,8.97,86.0,5.23,0
P182427,2028-04-20,77.33,9.2,90.0,8.11,0
P182427,2028-04-21,77.75,9.45,92.0,8.53,2
P182427,2028-04-22,82.9,13.76,103.0,13.68,1
P182427,2028-04-23,77.6,12.86,97.0,8.38,0
P182427,2028-04-24,76.18,9.6,88.0,6.96,0
P182427,2028-04-25,73.18,9.62,86.0,3.96,0
P182427,2028-04-26,74.7,14.92,93.0,5.48,0
P182427,2028-04-27,69.58,10.96,84.0,0.36,0
P182427,2028-04-28,75.87,13.79,95.0,6.65,0
P182427,2028-04-29,85.64,18.49,114.0,16.42,0
P182427,2028-04-30,77.4,14.51,100.0,8.18,0
P182427,2028-05-01,72.53,9.19,82.0,3.31,0
P182427,2028-05-02,72.78,11.86,87.0,3.56,0
P182427,2028-05-03,76.11,9.01,87.0,6.89,0
P182427,2028-05-04,71.5,9.93,86.0,2.28,0
P182427,2028-05-05,74.86,12.22,92.0,5.64,0
P182427,2028-05-06,81.16,9.22,93.0,11.94,0
P182427,2028-05-07,82.3,14.44,106.0,13.08,1
P182427,2028-05-08,73.76,9.04,87.0,4.54,0
P182427,2028-05-09,71.33,6.16,78.6,2.11,0
P182427,2028-05-10,75.16,12.45,92.0,5.94,0
P182427,2028-05-11,78.8,9.75,92.0,9.58,0
P182427,2028-05-12,77.51,8.54,88.0,8.29,2
P182427,2028-05-13,74.42,8.26,84.0,5.2,2
P182427,2028-05-14,80.49,12.19,97.0,11.27,2
P182427,2028-05-15,76.52,10.26,89.0,7.3,0
P182427,2028-05-16,76.82,9.89,89.0,7.6,0
P182427,2028-05-17,74.91,8.39,85.0,5.69,0
P182427,2028-05-18,73.6,9.66,86.0,4.38,0
P182427,2028-05-19,77.59,13.6,96.0,8.37,0
P182427,2028-05-20,79.81,7.36,89.0,10.59,0
P182427,2028-05-21,77.64,14.18,100.0,8.42,0
P182427,2028-05-22,73.79,9.68,89.0,4.57,0
P230742,2024-04-03,60.77,14.67,80.5,-0.28,0
P230742,2024-04-04,62.18,11.69,76.0,1.13,0
P230742,2024-04-05,61.52,10.02,74.0,0.47,0
P230742,2024-04-06,61.15,14.56,81.0,0.1,0
P230742,2024-04-07,59.61,11.47,74.0,-1.44,0
P230742,2024-04-08,61.05,13.94,81.1,0.0,0
P230742,2024-04-09,60.43,11.38,75.0,-0.62,0
P230742,2024-04-10,62.45,12.23,79.0,1.4,0
P230742,2024-04-11,62.59,12.5,80.0,1.54,0
P230742,2024-04-12,64.88,10.3,78.0,3.83,0
P230742,2024-04-13,66.73,11.93,84.8,5.68,2
P230742,2024-04-14,62.91,12.29,81.0,1.86,2
P230742,2024-04-15,60.28,13.3,79.0,-0.77,0
P230742,2024-04-16,62.5,13.83,84.0,1.45,0
P230742,2024-04-17,61.6,12.48,81.0,0.55,0
P230742,2024-04-18,64.17,12.33,82.0,3.12,0
P230742,2024-04-19,68.19,13.83,90.0,7.14,0
P230742,2024-04-20,66.74,13.24,86.0,5.69,2
P230742,2024-04-21,64.17,15.67,87.8,3.12,0
P230742,2024-04-22,66.99,14.18,90.0,5.94,0
P230742,2024-04-23,65.02,13.82,83.9,3.97,0
P230742,2024-04-24,66.1,13.81,87.0,5.05,0
P230742,2024-04-25,66.06,14.53,85.0,5.01,1
P230742,2024-04-26,63.72,11.95,80.0,2.67,1
P230742,2024-04-27,61.31,10.28,76.0,0.26,0
P230742,2024-04-28,60.05,12.43,75.0,-1.0,0
P230742,2024-04-29,62.2,12.08,79.1,1.15,0
P230742,2024-04-30,64.3,15.55,83.0,3.25,0
P230742,2024-05-01,65.09,8.87,76.0,4.04,0
P230742,2024-05-02,64.36,10.62,80.0,3.31,0
P230742,2024-05-03,63.95,10.9,77.0,2.9,0
P230742,2024-05-04,62.26,11.06,78.0,1.21,0
P230742,2024-05-05,62.38,12.46,80.0,1.33,0
P230742,2024-05-06,65.76,14.95,84.0,4.71,0
P230742,2024-05-07,65.81,12.98,83.0,4.76,0
P230742,2024-05-08,63.85,8.67,75.0,2.8,0
P230742,2024-05-09,67.4,12.26,85.0,6.35,1
P230742,2024-05-10,67.2,9.23,79.0,6.15,2
P230742,2024-05-11,62.45,8.46,71.0,1.4,2
P230742,2024-05-12,63.33,12.97,83.0,2.28,0
P230742,2024-05-13,68.21,14.01,86.0,7.16,0
P230742,2024-05-14,69.54,10.38,84.0,8.49,1
P230742,2024-05-15,68.41,10.73,82.0,7.36,2
P230742,2024-05-16,64.84,8.96,75.0,3.79,2
P230742,2024-05-17,64.6,9.38,77.0,3.55,0
P230742,2024-05-18,65.73,8.23,76.0,4.68,0
P230742,2024-05-19,64.98,8.51,76.0,3.93,1
P230742,2024-05-20,69.12,14.14,89.0,8.07,0
P230742,2024-05-21,69.72,9.89,83.0,8.67,0
P230742,2024-05-22,66.73,9.66,80.0,5.68,0
P230742,2024-05-23,68.71,12.54,84.0,7.66,0
P230742,2024-05-24,67.36,9.49,78.0,6.31,0
P230742,2024-05-25,65.78,11.71,77.0,4.73,0
P230742,2024-05-26,65.28,7.74,75.0,4.23,0
P230742,2024-05-27,69.22,13.75,87.0,8.17,0
P230742,2024-05-28,66.87,8.43,77.0,5.82,0
P230742,2024-05-29,67.91,8.97,81.0,6.86,2
P230742,2024-05-30,66.6,10.72,80.0,5.55,2
P230742,2024-05-31,64.71,10.85,79.0,3.66,0
P230742,2024-06-01,63.41,10.6,78.0,2.36,0
P230742,2024-06-02,66.26,12.16,85.0,5.21,0
P230742,2024-06-03,67.49,13.67,87.0,6.44,0
P230742,2024-06-04,64.5,7.88,74.9,3.45,0
P230742,2024-06-05,67.13,10.97,82.0,6.08,0
P230742,2024-06-06,64.12,12.51,77.0,3.07,0
P230742,2024-06-07,67.47,13.8,89.0,6.42,0
P230742,2024-06-08,64.81,9.65,78.0,3.76,0
P230742,2024-06-09,64.47,7.66,74.0,3.42,0
P230742,2024-06-10,67.9,13.96,90.0,6.85,0
P230742,2024-06-11,65.08,10.72,79.0,4.03,0
P230742,2024-06-12,65.81,9.16,78.0,4.76,0
P230742,2024-06-13,63.47,8.92,75.0,2.42,0
P230742,2024-06-14,64.28,9.96,77.9,3.23,0
P230742,2024-06-15,62.72,8.63,74.0,1.67,0
P230742,2024-06-16,61.73,9.27,73.0,0.68,0
P230742,2024-06-17,66.02,11.49,81.0,4.97,0
P230742,2024-06-18,67.91,8.1,81.0,6.86,0
P230742,2024-06-19,62.97,8.94,74.0,1.92,0
P230742,2024-06-20,66.05,11.44,81.0,5.0,0
P230742,2024-06-21,64.72,8.96,76.0,3.67,0
P230742,2024-06-22,65.14,10.95,76.0,4.09,0
P230742,2024-06-23,64.87,7.2,71.0,3.82,0
P230742,2024-06-24,69.44,12.11,83.0,8.39,0
P230742,2024-06-25,66.77,8.88,78.0,5.72,1
P230742,2024-06-26,65.81,9.03,78.0,4.76,0
P230742,2024-06-27,66.62,8.6,76.0,5.57,0
P230742,2024-06-28,63.74,9.79,76.0,2.69,0
P230742,2024-06-29,65.96,9.17,77.0,4.91,0
P230742,2024-06-30,64.93,8.92,77.0,3.88,0
P230742,2024-07-01,64.99,12.5,85.0,3.94,0
P230742,2024-07-02,66.49,11.49,81.0,5.44,0
P230742,2024-07-03,62.31,11.18,77.0,1.26,0
P230742,2024-07-04,61.88,9.11,73.0,0.83,0
P230742,2024-07-05,63.5,11.06,75.0,2.45,0
P230742,2024-07-06,64.46,10.88,79.0,3.41,0
P230742,2024-07-07,64.75,9.85,76.0,3.7,0
P230742,2024-07-08,68.34,14.89,94.0,7.29,0
P230742,2024-07-09,65.85,10.74,79.1,4.8,0
P230742,2024-07-10,63.25,10.68,75.0,2.2,0
P230742,2024-07-11,65.28,10.17,79.7,4.23,0
P230742,2024-07-12,64.74,9.98,78.0,3.69,0
P230742,2024-07-13,65.79,9.9,76.0,4.74,0
P230742,2024-07-14,62.58,7.41,71.0,1.53,0
P230742,2024-07-15,66.22,13.07,83.0,5.17,0
P230742,2024-07-16,67.23,8.93,78.0,6.18,0
P230742,2024-07-17,64.29,9.8,78.0,3.24,0
P230742,2024-07-18,64.54,9.8,79.0,3.49,0
P230742,2024-07-19,66.08,10.14,78.0,5.03,0
P230742,2024-07-20,65.1,9.55,76.0,4.05,0
P230742,2024-07-21,64.49,9.17,78.0,3.44,0
P230742,2024-07-22,66.82,12.55,83.0,5.77,0
P230742,2024-07-25,64.48,9.15,75.0,3.43,0
P230742,2024-07-26,64.43,8.78,76.0,3.38,0
P230742,2024-07-27,66.6,10.46,80.4,5.55,0
P230742,2024-07-28,62.8,8.65,75.0,1.75,0
P230742,2024-07-29,63.49,11.66,79.0,2.44,0
P230742,2024-07-30,60.97,10.6,73.0,-0.08,0
P230742,2024-07-31,62.39,10.76,77.0,1.34,0
P230742,2024-08-01,63.91,13.46,81.0,2.86,0
P230742,2024-08-02,63.11,9.17,71.9,2.06,0
P230742,2024-08-03,65.28,10.28,81.0,4.23,0
P230742,2024-08-04,65.86,13.58,84.0,4.81,0
P230742,2024-08-05,66.93,11.45,82.0,5.88,0
P230742,2024-08-06,67.33,12.93,86.0,6.28,0
P230742,2024-08-07,66.9,13.69,83.0,5.85,0
P230742,2024-08-08,68.99,15.05,88.0,7.94,0
P230742,2024-08-09,67.92,8.8,79.0,6.87,0
P230742,2024-08-10,66.84,9.19,79.0,5.79,0
P230742,2024-08-11,64.36,9.14,79.0,3.31,0
P230742,2024-08-12,64.77,10.4,79.0,3.72,0
P230742,2024-08-13,68.21,11.76,84.0,7.16,0
P230742,2024-08-14,65.94,12.22,82.0,4.89,0
P230742,2024-08-15,68.06,11.89,82.0,7.01,0
P230742,2024-08-16,67.51,10.26,79.0,6.46,0
P230742,2024-08-17,65.91,9.15,80.0,4.86,0
P230742,2024-08-18,66.65,9.41,78.0,5.6,0
P230742,2024-08-19,68.55,14.1,86.0,7.5,0
P230742,2024-08-20,72.77,12.67,89.3,11.72,0
P230742,2024-08-21,68.56,12.94,85.0,7.51,0
P230742,2024-08-22,68.44,12.13,85.0,7.39,0
P230742,2024-08-23,68.62,11.51,84.0,7.57,0
P230742,2024-08-24,65.29,10.91,80.0,4.24,0
P230742,2024-08-25,64.32,12.28,79.0,3.27,0
P230742,2024-08-26,64.75,12.05,80.0,3.7,0
P230742,2024-08-27,65.21,9.27,78.0,4.16,0
P230742,2024-08-28,63.9,11.39,79.0,2.85,0
P230742,2024-08-29,62.86,8.36,74.0,1.81,0
P230742,2024-08-30,63.28,8.95,76.0,2.23,0
P230742,2024-08-31,62.01,9.1,75.0,0.96,0
P230742,2024-09-01,64.53,12.88,82.0,3.48,0
P230742,2024-09-02,67.05,15.92,90.1,6.0,0
P230742,2024-09-03,64.2,10.61,78.3,3.15,0
P230742,2024-09-04,65.26,13.38,83.0,4.21,0
P230742,2024-09-05,65.8,11.75,82.0,4.75,0
P230742,2024-09-06,63.76,8.52,76.0,2.71,0
P230742,2024-09-07,65.25,14.97,86.0,4.2,0
P230742,2024-09-08,64.36,10.56,79.0,3.31,0
P230742,2024-09-09,67.0,15.33,89.0,5.95,0
P230742,2024-09-10,66.27,11.1,81.1,5.22,0
P230742,2024-09-11,65.07,14.4,83.0,4.02,0
P230742,2024-09-12,65.5,8.81,78.0,4.45,0
P230742,2024-09-13,65.4,9.77,80.0,4.35,0
P230742,2024-09-14,63.85,10.34,75.0,2.8,0
P230742,2024-09-15,70.87,10.43,81.0,9.82,0
P230742,2024-09-16,69.19,9.7,82.0,8.14,0
P230742,2024-09-17,66.56,11.26,80.0,5.51,0
P230742,2024-09-18,65.65,9.93,79.0,4.6,0
P230742,2024-09-19,67.27,11.2,82.0,6.22,0
P230742,2024-09-20,67.3,11.96,82.0,6.25,0
P230742,2024-09-21,69.74,10.55,84.0,8.69,0
P230742,2024-09-22,69.33,11.78,84.0,8.28,1
P230742,2024-09-23,68.04,9.95,81.0,6.99,1
P230742,2024-09-24,67.96,11.96,82.0,6.91,2
P230742,2024-09-25,65.87,13.62,84.0,4.82,0
P230742,2024-09-26,65.23,9.83,78.0,4.18,0
P230742,2024-09-27,66.67,11.44,83.0,5.62,0
P230742,2024-09-28,66.55,12.91,83.0,5.5,0
P230742,2024-09-29,68.13,11.67,83.0,7.08,0
P230742,2024-09-30,64.76,10.01,77.0,3.71,0
P230742,2024-10-01,64.58,7.94,74.9,3.53,0
P230742,2024-10-02,64.65,11.23,80.0,3.6,0
P230742,2024-10-03,66.8,9.78,79.0,5.75,0
P230742,2024-10-04,66.58,11.18,79.0,5.53,0
P230742,2024-10-05,65.98,10.34,80.0,4.93,0
P230742,2024-10-06,66.44,10.45,80.0,5.39,0
P230742,2024-10-07,68.75,9.69,80.0,7.7,0
P230742,2024-10-08,68.18,8.16,79.0,7.13,2
P230742,2024-10-09,68.64,14.03,88.0,7.59,0
P230742,2024-10-10,66.78,11.4,81.0,5.73,0
P230742,2024-10-11,68.51,10.53,83.0,7.46,0
P230742,2024-10-12,68.97,10.99,82.0,7.92,0
P230742,2024-10-13,66.98,10.19,81.0,5.93,0
P230742,2024-10-14,73.96,9.69,84.0,12.91,0
P230742,2024-10-15,75.36,9.92,86.0,14.31,2
P230742,2024-10-16,77.97,8.39,86.0,16.92,2
P230742,2024-10-17,71.51,6.68,80.0,10.46,2
P230742,2024-10-18,66.45,8.8,77.0,5.4,0
P230742,2024-10-19,70.11,7.79,79.0,9.06,0
P230742,2024-10-20,67.34,10.34,81.0,6.29,0
P230742,2024-10-21,68.78,8.5,80.0,7.73,0
P230742,2024-10-22,61.71,10.48,75.0,0.66,0
P230742,2024-10-23,65.18,11.27,78.0,4.13,0
P230742,2024-10-24,67.52,10.07,80.0,6.47,0
P230742,2024-10-25,64.9,10.46,80.0,3.85,0
P261190,2027-04-02,77.81,11.93,96.0,-1.76,0
P261190,2027-04-03,78.34,11.55,91.0,-1.23,0
P261190,2027-04-04,76.9,10.23,88.0,-2.67,0
P261190,2027-04-05,76.7,6.99,86.0,-2.87,0
P261190,2027-04-06,79.92,9.84,96.0,0.35,0
P261190,2027-04-07,74.19,5.88,82.0,-5.38,0
P261190,2027-04-08,77.04,10.42,94.3,-2.53,0
P261190,2027-04-09,78.34,13.24,103.0,-1.23,0
P261190,2027-04-10,75.58,6.15,83.0,-3.99,0
P261190,2027-04-11,83.18,10.19,97.5,3.61,0
P261190,2027-04-12,76.25,10.08,88.0,-3.32,0
P261190,2027-04-13,84.75,9.46,97.0,5.18,0
P261190,2027-04-14,84.82,10.67,98.0,5.25,2
P261190,2027-04-15,81.35,7.84,90.0,1.78,0
P261190,2027-04-16,83.59,12.93,105.0,4.02,0
P261190,2027-04-17,84.76,6.43,91.0,5.19,2
P261190,2027-04-18,79.52,10.22,91.0,-0.05,2
P261190,2027-04-19,79.11,12.25,94.0,-0.46,0
P261190,2027-04-20,79.49,8.2,89.0,-0.08,0
P261190,2027-04-21,82.08,13.74,104.0,2.51,0
P261190,2027-04-22,78.7,8.38,87.0,-0.87,0
P261190,2027-04-23,74.02,6.46,82.0,-5.55,0
P261190,2027-04-24,79.53,7.65,89.0,-0.04,0
P261190,2027-04-26,82.43,12.99,100.0,2.86,2
P261190,2027-04-27,89.01,11.21,104.0,9.44,2
P261190,2027-04-28,90.27,13.9,111.0,10.7,2
P261190,2027-04-29,88.6,12.33,107.0,9.03,2
P261190,2027-04-30,80.21,10.94,97.0,0.64,2
P261190,2027-05-01,81.38,12.83,99.0,1.81,0
P261190,2027-05-02,89.01,5.08,94.0,9.44,0
P261190,2027-05-10,90.51,14.63,105.0,10.94,0
P261190,2027-05-11,87.28,11.78,104.0,7.71,0
P261190,2027-05-12,82.25,8.54,94.0,2.68,0
P261190,2027-05-13,74.73,3.13,78.0,-4.84,0
P261190,2027-05-16,82.03,13.84,103.0,2.46,0
P261190,2027-05-17,76.07,9.96,89.0,-3.5,0
P261190,2027-05-18,68.6,4.32,75.0,-10.97,0
P261190,2027-05-19,71.87,6.44,81.0,-7.7,0
P261190,2027-05-20,74.34,8.36,84.0,-5.23,0
P261190,2027-05-21,68.77,4.64,75.0,-10.8,0
P261190,2027-05-22,76.0,8.27,86.0,-3.57,0
P261190,2027-05-23,78.68,14.99,102.3,-0.89,0
P261190,2027-05-24,83.63,12.06,101.0,4.06,0
P261190,2027-05-25,82.26,11.35,100.0,2.69,0
P261190,2027-05-26,79.01,13.44,102.0,-0.56,0
P261190,2027-05-29,72.55,5.25,80.0,-7.02,0
P261190,2027-05-30,83.19,11.58,98.0,3.62,0
P261190,2027-05-31,72.14,10.49,82.0,-7.43,0
P261190,2027-06-01,82.24,12.34,102.8,2.67,0
P261190,2027-06-02,93.3,9.57,106.0,13.73,2
P261190,2027-06-03,80.46,7.65,91.0,0.89,2
P261190,2027-06-04,80.57,11.44,98.0,1.0,2
P261190,2027-06-05,80.07,11.65,100.0,0.5,0
P261190,2027-06-07,82.66,9.05,97.0,3.09,2
P261190,2027-06-08,84.9,8.93,96.0,5.33,2
P261190,2027-06-09,93.78,18.79,119.0,14.21,1
P261190,2027-06-10,108.57,16.61,134.0,29.0,1
P261190,2027-07-01,81.26,9.61,94.0,1.69,0
P261190,2027-07-02,75.71,6.85,84.0,-3.86,0
P261190,2027-07-03,82.74,12.89,102.0,3.17,0
P261190,2027-07-04,77.47,8.94,89.0,-2.1,0
P261190,2027-07-05,82.9,8.63,95.0,3.33,0
P261190,2027-07-06,87.11,9.57,99.0,7.54,2
P261190,2027-07-07,83.14,10.33,99.0,3.57,2
P261190,2027-07-08,78.94,9.2,89.0,-0.63,0
P261190,2027-07-09,83.33,14.35,107.0,3.76,0
P261190,2027-07-10,76.76,5.59,84.0,-2.81,0
P261190,2027-07-11,83.44,13.52,105.0,3.87,0
P261190,2027-07-12,84.06,9.95,97.0,4.49,0
P261190,2027-07-13,85.12,8.21,94.0,5.55,1
P261190,2027-07-14,81.79,10.37,98.0,2.22,0
P261190,2027-07-15,80.34,8.03,91.0,0.77,0
P261190,2027-07-16,75.56,6.85,85.0,-4.01,0
P261190,2027-07-17,72.96,5.51,81.0,-6.61,0
P261190,2027-07-20,81.7,13.49,105.0,2.13,0
P261190,2027-07-21,80.48,15.14,107.0,0.91,0
P261190,2027-07-22,77.44,5.62,84.0,-2.13,0
P261190,2027-07-23,80.74,12.9,104.0,1.17,0
P261190,2027-08-21,82.05,10.65,99.0,2.48,0
P261190,2027-08-22,76.02,8.8,85.0,-3.55,0
P261190,2027-08-25,85.34,10.22,100.0,5.77,0
P261190,2027-08-26,81.27,10.61,98.0,1.7,0
P261190,2027-08-27,79.4,9.41,93.0,-0.17,0
P261190,2027-08-28,86.32,11.67,104.4,6.75,0
P261190,2027-08-29,75.74,5.33,83.0,-3.83,0
P261190,2027-08-30,75.69,5.36,83.0,-3.88,0
P261190,2027-08-31,72.47,4.83,78.0,-7.1,0
P261190,2027-09-01,82.0,7.97,90.0,2.43,0
P261190,2027-09-02,81.8,6.63,89.0,2.23,0
P261190,2027-09-03,90.78,12.92,111.0,11.21,0
P261190,2027-09-04,77.56,6.97,85.0,-2.01,0
P261190,2027-09-05,84.71,10.87,101.0,5.14,0
P261190,2027-09-06,83.51,11.37,99.0,3.94,0
P261190,2027-09-07,84.38,11.69,100.0,4.81,0
P261190,2027-09-08,83.5,11.36,101.0,3.93,0
P261190,2027-09-11,80.52,10.16,95.0,0.95,0
P261190,2027-09-12,84.18,11.81,100.0,4.61,0
P261190,2027-09-13,80.92,12.71,101.0,1.35,0
P261190,2027-09-15,89.18,12.09,108.0,9.61,2
P261190,2027-09-16,85.16,13.47,107.0,5.59,0
P261190,2027-09-17,78.45,5.79,82.5,-1.12,0
P261190,2027-09-18,71.54,4.35,76.4,-8.03,0
P261190,2027-09-23,81.45,9.84,94.0,1.88,0
P261190,2027-09-24,89.26,15.08,114.0,9.69,0
P261190,2027-09-25,78.57,6.27,87.0,-1.0,0
P261190,2027-09-26,84.38,11.5,102.0,4.81,0
P261190,2027-09-27,86.5,8.34,96.0,6.93,2
P261190,2027-09-28,85.55,8.16,98.0,5.98,2
P261190,2027-09-29,79.18,7.11,89.0,-0.39,0
P261190,2027-09-30,71.33,5.27,76.0,-8.24,0
P261190,2027-10-08,80.47,13.47,102.0,0.9,0
P261190,2027-10-09,76.21,11.15,92.6,-3.36,0
P261190,2027-10-10,73.98,7.51,84.0,-5.59,0
P261190,2027-10-11,71.62,7.67,81.0,-7.95,0
P261190,2027-10-12,74.47,8.33,85.0,-5.1,0
P261190,2027-10-13,82.01,12.84,102.0,2.44,0
P261190,2027-10-14,79.63,10.72,95.1,0.06,0
P261190,2027-10-15,79.99,13.34,100.0,0.42,0
P261190,2027-10-16,76.99,9.79,91.2,-2.58,0
P261190,2027-10-17,75.58,8.08,85.0,-3.99,0
P261190,2027-10-18,79.81,12.15,97.3,0.24,0
P261190,2027-10-19,83.15,7.62,94.0,3.58,0
P261190,2027-10-20,82.43,11.24,103.0,2.86,0
P261190,2027-10-21,82.11,12.79,102.0,2.54,0
P261190,2027-10-22,85.83,15.71,109.0,6.26,0
P261190,2027-10-23,81.72,10.61,99.0,2.15,0
P261190,2027-10-24,79.72,8.35,90.0,0.15,0
P261190,2027-10-25,82.29,11.65,99.0,2.72,0
P261190,2027-10-26,74.27,5.13,81.0,-5.3,0
P261190,2027-10-27,85.22,15.82,108.0,5.65,0
P261190,2027-10-28,82.78,11.22,100.0,3.21,0
P261190,2027-10-29,84.36,10.58,99.0,4.79,0
P261190,2027-10-30,84.93,9.72,101.0,5.36,0
P261190,2027-10-31,79.51,4.82,85.0,-0.06,1
P261190,2027-11-01,80.53,10.01,94.0,0.96,0
P261190,2027-11-02,79.35,5.62,86.0,-0.22,0
P261190,2027-11-03,81.1,12.44,105.0,1.53,0
P261190,2027-11-04,80.49,9.95,93.0,0.92,0
P261190,2027-11-05,81.62,12.23,102.0,2.05,0
P261190,2027-11-06,78.24,11.47,94.0,-1.33,0
P261190,2027-11-07,75.66,6.87,85.0,-3.91,0
P261190,2027-11-08,76.79,10.83,88.0,-2.78,0
P261190,2027-11-09,73.7,6.06,81.0,-5.87,0
P261190,2027-11-10,78.24,12.84,100.0,-1.33,0
P261190,2027-11-12,79.95,11.98,100.0,0.38,0
P261190,2027-11-13,73.3,5.39,80.0,-6.27,0
P261190,2027-11-14,78.76,9.53,90.0,-0.81,0
P261190,2027-11-15,76.0,7.78,86.0,-3.57,0
P261190,2027-11-16,82.86,6.51,92.0,3.29,0
P261190,2027-11-17,81.92,11.04,96.0,2.35,1
P261190,2027-11-18,75.6,5.89,83.0,-3.97,0
P261190,2027-11-19,79.2,7.21,90.0,-0.37,0
P261190,2027-11-20,80.91,9.16,92.0,1.34,0
P261190,2027-11-21,79.62,7.07,89.0,0.05,0
P261190,2027-11-22,78.84,6.49,87.0,-0.73,0
P261190,2027-11-23,81.73,7.3,91.0,2.16,0
P261190,2027-11-24,84.42,12.43,106.0,4.85,0
P261190,2027-11-25,84.57,12.51,100.9,5.0,0
P261190,2027-11-26,82.87,10.7,99.0,3.3,0
P261190,2027-11-27,81.07,9.54,94.0,1.5,1
P261190,2027-11-28,73.36,7.24,83.0,-6.21,0
P261190,2027-11-29,83.16,12.46,98.0,3.59,0
P261190,2027-11-30,79.86,7.02,89.0,0.29,0
P261190,2027-12-01,76.88,10.34,95.0,-2.69,0
P261190,2027-12-02,83.43,10.47,98.0,3.86,0
P261190,2027-12-03,84.02,14.2,106.0,4.45,0
P261190,2027-12-04,80.62,10.92,97.0,1.05,0
P261190,2027-12-05,78.21,7.12,88.0,-1.36,0
P261190,2027-12-06,79.39,10.74,94.0,-0.18,0
P261190,2027-12-12,75.91,8.14,89.0,-3.66,0
P261190,2027-12-13,84.32,13.2,102.0,4.75,0
P261190,2027-12-14,80.65,5.79,88.5,1.08,0
P261190,2027-12-15,80.0,12.37,101.0,0.43,0
P261190,2027-12-16,81.13,10.2,95.0,1.56,0
P261190,2027-12-17,84.85,13.17,105.0,5.28,0
P261190,2027-12-18,84.75,9.77,100.0,5.18,0
P261190,2027-12-19,82.32,10.74,99.0,2.75,0
P261190,2027-12-20,87.93,7.78,95.0,8.36,0
P261190,2027-12-21,93.48,16.22,104.3,13.91,2
P261190,2027-12-22,86.02,12.75,106.0,6.45,2
P261190,2027-12-23,82.32,10.45,99.0,2.75,0
P261190,2027-12-24,82.59,11.72,101.0,3.02,0
P261190,2027-12-25,79.06,10.98,95.0,-0.51,0
P261190,2027-12-26,73.35,7.59,85.0,-6.22,0
P261190,2027-12-27,77.93,10.0,86.0,-1.64,0
P261190,2027-12-28,79.74,10.6,95.0,0.17,0
P261190,2027-12-29,83.5,10.96,99.0,3.93,0
P261190,2027-12-30,82.81,11.75,102.0,3.24,0
P261190,2027-12-31,82.47,12.04,99.0,2.9,0
P261190,2028-01-01,76.46,9.61,84.3,-3.11,0
P261190,2028-01-02,77.07,8.9,90.0,-2.5,0
P261190,2028-01-03,81.04,11.33,95.0,1.47,0
P261190,2028-01-04,79.54,7.04,89.0,-0.03,0
P261190,2028-01-05,76.86,10.97,92.0,-2.71,0
P261190,2028-01-06,86.93,10.75,103.0,7.36,0
P261190,2028-01-07,79.31,10.6,95.0,-0.26,0
P261190,2028-01-08,80.79,10.66,96.0,1.22,0
P261190,2028-01-09,77.3,10.63,92.0,-2.27,0
P261190,2028-01-10,84.68,11.77,101.0,5.11,0
P261190,2028-01-11,80.97,8.73,94.0,1.4,0
P261190,2028-01-12,71.5,4.95,74.3,-8.07,0
P261190,2028-01-13,82.33,9.75,92.6,2.76,2
P261190,2028-01-14,84.28,14.48,108.0,4.71,2
P261190,2028-01-15,80.16,10.49,95.0,0.59,0
P261190,2028-01-16,75.97,6.85,86.0,-3.6,0
P261190,2028-01-17,80.79,10.38,96.0,1.22,0
P261190,2028-01-18,82.56,11.78,101.0,2.99,0
P261190,2028-01-19,85.41,10.79,102.0,5.84,0
P261190,2028-01-20,75.24,6.18,83.0,-4.33,0
P261190,2028-01-21,73.06,5.13,79.0,-6.51,0
P261190,2028-01-22,72.97,5.87,80.0,-6.6,0
P261190,2028-01-23,70.17,4.92,76.0,-9.4,0
P261190,2028-01-24,69.97,4.92,77.0,-9.6,0
P261190,2028-01-25,71.39,7.55,83.0,-8.18,0
P261190,2028-01-26,72.51,8.73,84.0,-7.06,0
P261190,2028-01-27,74.44,4.98,80.0,-5.13,0
P261190,2028-01-28,74.77,8.65,86.0,-4.8,0
P261190,2028-01-29,75.01,6.52,83.0,-4.56,0
P261190,2028-01-30,77.68,9.8,91.0,-1.89,0
P261190,2028-01-31,77.76,8.66,88.0,-1.81,0
P261190,2028-02-01,79.27,8.3,90.0,-0.3,0
P261190,2028-02-02,75.14,4.95,81.0,-4.43,0
P261190,2028-02-03,78.1,9.45,94.0,-1.47,0
P261190,2028-02-04,76.12,8.59,89.0,-3.45,0
P261190,2028-02-05,82.37,5.87,90.0,2.8,0
P261190,2028-02-06,79.96,7.67,90.0,0.39,2
P261190,2028-02-07,80.02,7.35,90.0,0.45,0
P261190,2028-02-08,86.72,12.47,103.0,7.15,0
P261190,2028-02-09,86.69,9.17,99.0,7.12,1
P261190,2028-02-10,86.08,8.61,98.0,6.51,2
P261190,2028-02-11,89.86,9.11,104.0,10.29,2
P261190,2028-02-12,88.44,9.87,102.0,8.87,2
P261190,2028-02-13,88.79,10.6,105.0,9.22,2
P261190,2028-02-14,91.27,7.88,101.0,11.7,2
P261190,2028-02-15,88.33,11.11,104.0,8.76,2
P261190,2028-02-16,82.85,8.61,96.0,3.28,2
P261190,2028-02-17,86.04,7.77,96.0,6.47,2
P261190,2028-02-18,85.38,14.21,107.0,5.81,0
P261190,2028-02-19,89.18,9.37,101.0,9.61,0
P261190,2028-02-20,86.33,9.87,97.0,6.76,1
P261190,2028-02-21,83.97,10.39,97.0,4.4,0
P261190,2028-02-22,79.24,11.49,98.0,-0.33,0
P261190,2028-02-23,87.57,14.2,109.0,8.0,0
P261190,2028-02-24,88.9,11.87,107.0,9.33,0
P261190,2028-02-27,94.87,11.17,106.0,15.3,0
P261190,2028-03-10,84.34,10.89,99.0,4.77,0
P261190,2028-03-11,83.42,10.0,99.0,3.85,0
P261190,2028-03-12,83.01,7.88,94.0,3.44,0
P261190,2028-03-13,80.46,7.89,93.0,0.89,0
P261190,2028-03-14,83.69,10.87,100.0,4.12,0
P261190,2028-03-15,81.76,8.64,95.0,2.19,0
P261190,2028-03-16,79.04,9.45,93.0,-0.53,0
P261190,2028-03-17,78.5,10.38,92.0,-1.07,0
P261190,2028-03-18,81.87,11.87,97.0,2.3,0
P261190,2028-03-19,87.59,11.22,104.0,8.02,0
P261190,2028-03-20,87.1,14.72,110.0,7.53,2
P261190,2028-03-25,75.58,9.64,89.0,-3.99,0
P261190,2028-03-26,79.3,10.66,97.0,-0.27,0
P261190,2028-03-27,83.97,13.56,99.0,4.4,0
P261190,2028-03-28,79.4,8.48,90.0,-0.17,0
P261190,2028-03-29,78.53,7.09,87.4,-1.04,0
P261190,2028-03-30,78.05,8.7,91.0,-1.52,0
P261190,2028-03-31,76.58,8.21,87.9,-2.99,0
P261190,2028-04-01,78.92,10.47,94.0,-0.65,0
P261190,2028-04-02,78.66,9.63,89.0,-0.91,0
P261190,2028-04-03,89.55,6.0,97.0,9.98,0
P261190,2028-04-04,79.44,3.54,84.0,-0.13,1
P261190,2028-04-05,85.39,2.84,89.0,5.82,1
P261190,2028-04-06,79.83,5.16,85.0,0.26,2
P261190,2028-04-07,87.07,15.72,113.0,7.5,2
P261190,2028-04-08,76.04,7.01,86.3,-3.53,0
P261190,2028-04-09,80.52,9.19,92.0,0.95,0
P261190,2028-04-10,92.09,11.67,104.0,12.52,0
P261190,2028-04-11,86.67,4.38,91.0,7.1,2
P261190,2028-04-12,83.33,12.12,97.0,3.76,0
P271946,2026-03-15,64.16,8.12,75.0,-2.39,0
P271946,2026-03-16,65.64,10.27,81.0,-0.91,0
P271946,2026-03-17,69.7,12.93,87.0,3.15,0
P271946,2026-03-18,69.48,8.79,80.0,2.93,0
P271946,2026-03-19,63.78,8.56,76.0,-2.77,0
P271946,2026-03-20,64.32,8.38,77.0,-2.23,0
P271946,2026-03-21,74.87,10.29,88.0,8.32,0
P271946,2026-03-22,63.65,6.67,72.0,-2.9,0
P271946,2026-03-23,66.82,10.66,82.0,0.27,0
P271946,2026-03-24,66.38,10.6,80.0,-0.17,0
P271946,2026-03-25,62.82,7.66,73.0,-3.73,0
P271946,2026-03-26,66.7,12.88,85.0,0.15,0
P271946,2026-03-27,62.44,8.2,72.0,-4.11,0
P271946,2026-03-28,68.64,13.29,89.0,2.09,0
P271946,2026-03-29,66.67,8.57,79.0,0.12,0
P271946,2026-03-30,72.1,11.16,86.0,5.55,0
P271946,2026-03-31,64.15,8.39,76.0,-2.4,0
P271946,2026-04-01,64.42,10.21,77.0,-2.13,0
P271946,2026-04-02,67.38,12.13,83.0,0.83,0
P271946,2026-04-03,65.72,10.19,78.0,-0.83,0
P271946,2026-04-04,67.16,9.24,79.0,0.61,0
P271946,2026-04-05,66.78,9.52,80.0,0.23,0
P271946,2026-04-06,72.7,13.96,92.0,6.15,0
P271946,2026-04-07,71.9,10.63,87.0,5.35,0
P271946,2026-04-08,63.8,9.81,77.0,-2.75,0
P271946,2026-04-09,60.96,8.11,72.0,-5.59,0
P271946,2026-04-10,65.49,9.1,78.0,-1.06,0
P271946,2026-04-11,62.28,8.44,73.0,-4.27,0
P271946,2026-04-12,66.17,8.42,78.0,-0.38,0
P271946,2026-04-13,68.99,12.88,90.0,2.44,0
P271946,2026-04-14,69.58,9.26,81.0,3.03,0
P271946,2026-04-15,66.37,10.59,80.0,-0.18,0
P271946,2026-04-16,64.8,9.17,76.0,-1.75,0
P271946,2026-04-17,68.11,10.13,81.0,1.56,0
P271946,2026-04-19,71.5,8.09,80.0,4.95,0
P271946,2026-04-20,69.44,11.34,85.5,2.89,0
P271946,2026-04-21,73.69,13.33,93.0,7.14,0
P271946,2026-04-22,68.68,8.29,79.0,2.13,0
P271946,2026-04-23,66.44,8.93,78.0,-0.11,1
P271946,2026-04-24,69.88,10.37,82.0,3.33,1
P271946,2026-04-25,69.8,9.14,82.0,3.25,1
P271946,2026-04-26,66.54,8.77,79.0,-0.01,0
P271946,2026-04-27,70.36,13.04,89.0,3.81,0
P271946,2026-04-28,66.59,9.97,81.0,0.04,0
P271946,2026-04-29,63.21,10.76,78.0,-3.34,0
P271946,2026-04-30,65.06,10.85,78.0,-1.49,0
P271946,2026-05-01,67.3,9.63,80.0,0.75,0
P271946,2026-05-02,69.03,9.29,81.0,2.48,0
P271946,2026-05-03,71.4,8.31,84.0,4.85,0
P271946,2026-05-04,67.0,9.65,80.0,0.45,0
P271946,2026-05-05,69.25,10.09,81.8,2.7,0
P271946,2026-05-06,68.23,8.34,78.0,1.68,0
P271946,2026-05-07,64.06,7.08,74.0,-2.49,0
P271946,2026-05-08,65.11,9.37,76.0,-1.44,0
P271946,2026-05-09,71.73,11.28,89.0,5.18,0
P271946,2026-05-10,66.68,8.72,80.0,0.13,0
P271946,2026-05-11,66.04,6.45,74.0,-0.51,0
P271946,2026-05-12,67.61,9.22,80.0,1.06,1
P271946,2026-05-13,66.03,9.8,79.0,-0.52,0
P271946,2026-05-14,68.49,8.74,79.0,1.94,0
P271946,2026-05-15,69.61,9.46,84.0,3.06,2
P271946,2026-05-16,68.94,7.8,79.0,2.39,2
P271946,2026-05-17,63.47,6.73,71.0,-3.08,0
P271946,2026-05-18,69.32,11.66,86.0,2.77,0
P271946,2026-05-19,70.94,10.37,85.0,4.39,0
P271946,2026-05-20,68.46,8.81,80.0,1.91,0
P271946,2026-05-21,78.56,8.53,90.0,12.01,0
P271946,2026-05-22,72.55,8.02,82.0,6.0,2
P271946,2026-05-23,69.29,8.95,82.0,2.74,2
P271946,2026-05-24,65.22,6.67,74.0,-1.33,0
P271946,2026-05-25,67.64,8.26,81.0,1.09,0
P271946,2026-05-26,61.23,5.71,69.0,-5.32,0
P271946,2026-06-02,71.37,8.3,82.0,4.82,0
P271946,2026-06-03,69.82,8.99,81.0,3.27,2
P271946,2026-06-04,64.02,6.49,72.0,-2.53,0
P271946,2026-06-05,68.31,9.83,83.0,1.76,0
P271946,2026-06-06,64.62,6.42,74.0,-1.93,0
P271946,2026-06-09,66.18,7.98,77.0,-0.37,0
P271946,2026-06-10,73.45,8.96,83.0,6.9,0
P271946,2026-06-11,67.09,8.6,77.0,0.54,0
P271946,2026-06-12,67.77,9.74,82.0,1.22,0
P271946,2026-06-13,67.07,7.92,78.0,0.52,0
P271946,2026-06-14,70.44,8.63,82.0,3.89,0
P271946,2026-06-15,74.76,9.38,88.0,8.21,2
P271946,2026-06-16,73.41,10.21,89.1,6.86,2
P271946,2026-06-17,69.84,9.35,83.0,3.29,2
P271946,2026-06-18,67.12,7.25,76.0,0.57,2
P271946,2026-06-19,70.22,9.67,84.0,3.67,2
P271946,2026-06-20,67.48,7.44,77.0,0.93,1
P271946,2026-06-21,70.59,9.58,83.0,4.04,1
P271946,2026-06-22,70.06,7.93,79.0,3.51,1
P271946,2026-06-23,66.37,7.72,75.0,-0.18,2
P271946,2026-06-24,64.75,8.08,75.0,-1.8,0
P271946,2026-06-25,66.52,7.68,77.0,-0.03,0
P271946,2026-06-26,71.08,12.9,87.0,4.53,0
P271946,2026-06-27,68.51,7.25,79.0,1.96,0
P271946,2026-06-28,67.68,8.56,78.0,1.13,0
P271946,2026-06-29,69.91,8.68,83.0,3.36,0
P271946,2026-07-01,70.6,8.21,81.0,4.05,2
P271946,2026-07-02,65.5,7.61,75.0,-1.05,2
P271946,2026-07-03,68.07,8.3,78.0,1.52,2
P271946,2026-07-04,66.96,10.75,82.0,0.41,0
P271946,2026-07-05,63.49,6.3,71.0,-3.06,0
P271946,2026-07-06,68.83,7.02,78.0,2.28,0
P271946,2026-07-07,68.21,7.87,79.0,1.66,2
P271946,2026-07-08,70.73,10.7,86.0,4.18,1
P271946,2026-07-09,65.27,7.61,76.0,-1.28,0
P271946,2026-07-10,69.13,10.55,84.0,2.58,0
P271946,2026-07-11,67.28,7.83,78.0,0.73,0
P271946,2026-07-12,67.96,6.46,76.0,1.41,0
P271946,2026-07-13,70.41,12.06,87.0,3.86,0
P271946,2026-07-14,69.9,7.98,80.0,3.35,0
P271946,2026-07-16,64.93,7.3,74.0,-1.62,0
P271946,2026-07-17,63.51,6.7,72.3,-3.04,0
P271946,2026-07-19,69.06,7.55,78.0,2.51,0
P271946,2026-07-20,67.88,8.88,80.0,1.33,0
P271946,2026-07-21,67.67,7.77,77.0,1.12,0
P271946,2026-07-22,67.39,8.22,78.0,0.84,1
P271946,2026-07-23,69.34,11.83,89.0,2.79,1
P271946,2026-07-25,68.08,10.31,84.0,1.53,0
P271946,2026-07-29,74.13,7.13,83.0,7.58,0
P271946,2026-07-30,66.4,8.28,77.0,-0.15,2
P271946,2026-07-31,65.94,7.95,76.0,-0.61,0
P271946,2026-08-01,71.83,7.7,83.0,5.28,0
P271946,2026-08-02,71.98,9.27,83.9,5.43,2
P271946,2026-08-03,74.25,11.78,90.0,7.7,0
P271946,2026-08-05,64.08,5.13,71.0,-2.47,0
P271946,2026-08-06,62.71,5.85,72.0,-3.84,0
P271946,2026-08-07,67.98,10.39,81.0,1.43,0
P271946,2026-08-08,70.21,8.42,82.0,3.66,0
P271946,2026-08-09,71.12,9.03,83.0,4.57,2
P271946,2026-08-10,78.51,9.75,92.0,11.96,2
P271946,2026-08-11,78.07,6.98,87.0,11.52,2
P271946,2026-08-12,73.81,5.39,81.0,7.26,2
P271946,2026-08-13,76.01,7.07,85.1,9.46,2
P271946,2026-08-15,75.9,9.79,88.0,9.35,2
P271946,2026-08-16,77.68,3.98,83.0,11.13,2
P271946,2026-08-17,82.64,7.8,93.0,16.09,2
P271946,2026-08-18,85.79,8.04,95.0,19.24,2
P271946,2026-08-19,79.6,4.41,85.0,13.05,2
P271946,2026-08-20,80.23,3.83,85.0,13.68,2
P271946,2026-08-21,71.98,7.7,82.0,5.43,2
P271946,2026-08-22,66.25,7.57,76.0,-0.3,0
P271946,2026-08-23,67.7,6.49,77.0,1.15,0
P271946,2026-08-24,67.99,6.45,77.0,1.44,0
P271946,2026-08-25,65.45,8.03,76.0,-1.1,0
P271946,2026-08-26,58.17,3.34,62.0,-8.38,0
P271946,2026-08-27,59.85,7.49,70.0,-6.7,0
P271946,2026-08-28,60.98,7.12,71.3,-5.57,0
P271946,2026-08-29,60.45,6.36,69.0,-6.1,0
P271946,2026-09-01,63.38,7.51,72.0,-3.17,0
P271946,2026-09-02,61.42,7.35,70.0,-5.13,0
P271946,2026-09-03,60.74,6.32,69.0,-5.81,0
P271946,2026-09-04,62.7,7.01,73.0,-3.85,0
P271946,2026-09-05,65.22,7.75,77.0,-1.33,0
P271946,2026-09-06,67.28,9.92,83.0,0.73,0
P271946,2026-09-07,66.12,8.15,76.0,-0.43,0
P271946,2026-09-08,67.82,8.81,81.0,1.27,0
P271946,2026-09-09,62.19,6.86,72.0,-4.36,0
P271946,2026-09-10,59.95,5.83,68.0,-6.6,0
P271946,2026-09-11,61.09,7.57,71.0,-5.46,0
P271946,2026-09-12,61.09,6.14,68.0,-5.46,0
P271946,2026-09-13,67.32,8.15,77.0,0.77,0
P271946,2026-09-14,66.53,9.56,80.0,-0.02,0
P271946,2026-09-16,66.77,9.1,81.0,0.22,0
P271946,2026-09-17,57.56,4.67,64.0,-8.99,0
P271946,2026-09-19,67.96,8.45,81.0,1.41,0
P271946,2026-09-20,64.39,6.18,72.0,-2.16,0
P271946,2026-09-21,64.9,7.8,76.0,-1.65,0
P271946,2026-09-22,66.74,6.42,76.0,0.19,0
P271946,2026-09-23,65.39,10.38,80.0,-1.16,0
P271946,2026-09-24,68.56,7.27,78.0,2.01,0
P271946,2026-09-25,67.21,8.78,79.0,0.66,0
P271946,2026-09-26,68.01,8.52,79.0,1.46,0
P271946,2026-09-27,69.69,8.94,83.0,3.14,1
P271946,2026-09-28,68.35,10.61,86.0,1.8,0
P271946,2026-09-29,67.2,8.19,79.0,0.65,0
P271946,2026-09-30,72.41,8.86,84.0,5.86,0
P271946,2026-10-02,70.1,10.18,86.0,3.55,1
P271946,2026-10-03,68.3,8.19,79.0,1.75,0
P271946,2026-10-04,70.98,10.06,85.9,4.43,0
P271946,2026-10-05,69.76,10.25,85.0,3.21,0
P271946,2026-10-06,68.66,8.46,79.0,2.11,0
P271946,2026-10-07,68.49,9.22,81.0,1.94,0
P271946,2026-10-08,65.3,8.27,77.0,-1.25,0
P271946,2026-10-09,66.35,10.21,79.0,-0.2,0
P271946,2026-10-10,70.24,11.23,86.0,3.69,0
P271946,2026-10-11,72.62,11.02,88.0,6.07,0
P271946,2026-10-12,72.99,9.18,87.0,6.44,0
P271946,2026-10-13,69.61,10.76,86.0,3.06,0
P271946,2026-10-14,67.88,9.97,82.0,1.33,0
P271946,2026-10-15,66.11,7.9,76.9,-0.44,0
P271946,2026-10-16,65.45,7.65,75.0,-1.1,0
P277912,2023-10-16,79.32,11.33,97.0,5.46,0
P277912,2023-10-17,74.8,12.08,94.5,0.94,0
P277912,2023-10-18,74.57,12.84,95.0,0.71,0
P277912,2023-10-19,69.91,11.75,88.0,-3.95,0
P277912,2023-10-20,77.63,10.63,93.2,3.77,0
P277912,2023-10-23,74.16,15.12,102.0,0.3,0
P277912,2023-10-24,75.49,12.27,98.0,1.63,0
P277912,2023-10-25,72.73,12.78,95.0,-1.13,0
P277912,2023-10-26,72.66,10.38,88.0,-1.2,0
P277912,2023-10-27,73.54,13.02,97.3,-0.32,0
P277912,2023-10-28,76.77,7.26,87.0,2.91,0
P277912,2023-10-29,73.15,6.63,81.0,-0.71,0
P277912,2023-10-30,73.31,6.89,83.0,-0.55,0
P277912,2023-11-02,80.27,11.55,99.0,6.41,0
P277912,2023-11-03,86.79,12.78,104.0,12.93,0
P277912,2023-11-06,69.89,4.85,74.0,-3.97,0
P277912,2023-11-07,78.32,12.84,102.0,4.46,0
P277912,2023-11-08,73.44,12.89,95.6,-0.42,0
P277912,2023-11-09,75.23,13.63,96.4,1.37,0
P277912,2023-11-10,80.72,15.06,101.4,6.86,0
P277912,2023-11-13,74.4,10.89,92.0,0.54,0
P277912,2023-11-14,77.13,10.06,91.0,3.27,0
P277912,2023-11-15,75.33,9.62,89.0,1.47,0
P277912,2023-11-16,76.98,10.85,92.8,3.12,0
P277912,2023-11-17,77.79,13.35,97.0,3.93,0
P277912,2023-11-20,69.17,16.44,99.1,-4.69,0
P277912,2023-11-21,70.15,15.21,97.8,-3.71,0
P277912,2023-11-22,73.81,12.88,94.0,-0.05,0
P277912,2023-11-23,74.64,19.0,104.0,0.78,0
P277912,2023-11-24,73.13,15.7,97.0,-0.73,0
P277912,2023-11-27,74.82,14.35,98.0,0.96,0
P277912,2023-11-28,75.92,13.06,96.0,2.06,0
P277912,2023-11-29,72.45,12.94,92.0,-1.41,0
P277912,2023-11-30,69.84,12.11,90.0,-4.02,0
P277912,2023-12-01,71.86,14.81,98.0,-2.0,0
P277912,2023-12-04,73.02,16.27,100.0,-0.84,0
P277912,2023-12-05,73.52,15.57,100.0,-0.34,0
P277912,2023-12-06,73.62,12.51,92.8,-0.24,0
P277912,2023-12-07,69.73,11.55,88.0,-4.13,0
P277912,2023-12-08,72.25,14.81,96.0,-1.61,0
P277912,2023-12-11,75.36,14.84,99.2,1.5,0
P277912,2023-12-12,75.62,11.48,97.0,1.76,0
P277912,2023-12-13,68.66,12.98,89.0,-5.2,0
P277912,2023-12-14,69.67,12.21,90.0,-4.19,0
P277912,2023-12-15,75.73,13.62,99.0,1.87,0
P277912,2023-12-18,72.67,13.09,95.5,-1.19,0
P277912,2023-12-19,72.4,13.48,95.0,-1.46,0
P277912,2023-12-20,70.93,11.17,89.3,-2.93,0
P277912,2023-12-21,72.23,11.35,90.0,-1.63,0
P277912,2023-12-22,71.18,16.67,99.0,-2.68,0
P277912,2023-12-25,74.7,13.6,97.0,0.84,0
P277912,2023-12-26,76.38,10.78,93.0,2.52,0
P277912,2023-12-27,71.93,12.55,92.0,-1.93,0
P277912,2023-12-28,72.12,11.01,88.0,-1.74,0
P277912,2023-12-29,71.32,13.86,94.0,-2.54,0
P277912,2024-01-01,69.88,16.55,101.0,-3.98,0
P277912,2024-01-02,72.91,12.56,94.0,-0.95,0
P277912,2024-01-03,70.18,12.88,90.0,-3.68,0
P277912,2024-01-04,70.6,11.28,89.9,-3.26,0
P277912,2024-01-05,72.57,7.25,84.0,-1.29,0
P277912,2024-01-06,68.07,6.74,77.0,-5.79,0
P277912,2024-01-07,69.96,7.33,79.0,-3.9,0
P277912,2024-01-08,69.88,7.15,80.0,-3.98,0
P277912,2024-01-09,69.66,6.99,79.0,-4.2,0
P277912,2024-01-10,70.35,6.79,79.0,-3.51,0
P277912,2024-01-11,70.24,7.78,79.0,-3.62,0
P277912,2024-01-12,73.89,6.9,84.0,0.03,0
P277912,2024-01-13,72.79,7.56,83.2,-1.07,0
P277912,2024-01-14,78.67,9.53,93.0,4.81,0
P277912,2024-01-15,74.22,9.23,86.0,0.36,0
P277912,2024-01-16,75.9,9.04,88.8,2.04,0
P277912,2024-01-17,75.42,8.0,83.0,1.56,2
P277912,2024-01-18,76.73,11.7,92.0,2.87,0
P277912,2024-01-19,73.33,7.88,83.0,-0.53,0
P277912,2024-01-20,87.09,4.98,95.0,13.23,0
P277912,2024-01-21,74.76,8.95,87.0,0.9,0
P277912,2024-01-22,76.16,8.4,88.0,2.3,1
P277912,2024-02-28,70.06,6.57,79.0,-3.8,0
P277912,2024-02-29,70.12,5.89,76.0,-3.74,0
P277912,2024-03-01,71.94,7.56,80.0,-1.92,0
P277912,2024-03-02,76.89,7.37,88.0,3.03,0
P277912,2024-03-03,73.82,7.36,84.0,-0.04,2
P277912,2024-03-04,77.72,8.12,89.0,3.86,2
P277912,2024-03-05,79.03,10.94,96.0,5.17,2
P277912,2024-03-06,76.63,13.55,102.0,2.77,1
P277912,2024-03-07,77.38,11.27,95.0,3.52,0
P277912,2024-03-08,75.12,10.07,90.8,1.26,0
P277912,2024-03-09,70.36,7.22,80.0,-3.5,0
P277912,2024-03-10,74.77,8.45,86.0,0.91,0
P277912,2024-03-11,78.57,10.24,94.0,4.71,2
P277912,2024-03-12,75.78,10.27,91.5,1.92,0
P277912,2024-03-13,76.87,9.3,91.0,3.01,0
P277912,2024-03-14,74.62,10.64,92.0,0.76,0
P277912,2024-03-15,75.59,10.65,93.0,1.73,0
P277912,2024-03-16,72.97,6.72,82.0,-0.89,0
P277912,2024-03-17,73.73,7.33,85.0,-0.13,1
P277912,2024-03-18,80.29,11.65,96.0,6.43,0
P277912,2024-03-19,73.26,9.13,86.0,-0.6,0
P277912,2024-03-20,69.92,7.8,82.0,-3.94,0
P277912,2024-03-21,71.09,8.76,83.0,-2.77,0
P277912,2024-03-22,69.85,8.85,81.0,-4.01,0
P277912,2024-03-23,73.3,9.41,84.0,-0.56,0
P277912,2024-03-24,71.45,7.52,82.0,-2.41,0
P277912,2024-03-25,73.69,9.78,86.0,-0.17,0
P277912,2024-03-26,73.34,11.37,89.0,-0.52,0
P277912,2024-03-27,71.76,8.34,82.0,-2.1,0
P277912,2024-03-28,69.84,8.69,83.0,-4.02,0
P277912,2024-03-29,72.88,9.26,84.9,-0.98,0
P277912,2024-03-30,71.25,7.52,81.0,-2.61,0
P277912,2024-03-31,68.16,7.82,78.0,-5.7,0
P277912,2024-04-01,70.78,10.91,85.0,-3.08,0
P277912,2024-04-02,70.48,9.08,82.0,-3.38,0
P277912,2024-04-03,71.42,9.93,85.0,-2.44,0
P277912,2024-04-04,70.27,9.61,84.0,-3.59,0
P277912,2024-04-05,68.86,9.7,82.0,-5.0,0
P277912,2024-04-06,69.13,9.15,80.0,-4.73,0
P277912,2024-04-07,73.22,9.71,84.0,-0.64,0
P277912,2024-04-08,75.84,10.9,89.4,1.98,0
P277912,2024-04-09,72.22,9.63,85.0,-1.64,0
P277912,2024-04-10,72.15,9.01,83.0,-1.71,0
P277912,2024-04-11,70.32,9.48,82.0,-3.54,0
P277912,2024-04-12,72.83,9.96,87.0,-1.03,0
P277912,2024-04-13,71.26,8.11,83.0,-2.6,0
P277912,2024-04-14,70.16,6.9,78.0,-3.7,0
P277912,2024-04-15,69.97,8.24,81.0,-3.89,0
P277912,2024-04-16,70.96,9.55,84.0,-2.9,0
P277912,2024-04-17,76.56,11.18,91.0,2.7,0
P277912,2024-04-18,73.68,7.39,83.0,-0.18,0
P277912,2024-04-19,73.53,9.6,89.0,-0.33,0
P277912,2024-04-20,71.87,8.76,81.0,-1.99,0
P277912,2024-04-21,75.36,9.69,88.0,1.5,0
P277912,2024-04-22,77.35,9.76,90.0,3.49,0
P277912,2024-04-23,77.27,8.56,90.0,3.41,0
P277912,2024-04-24,72.22,7.05,81.0,-1.64,0
P277912,2024-04-25,71.43,6.79,79.0,-2.43,0
P277912,2024-04-26,68.03,8.4,79.0,-5.83,0
P277912,2024-04-27,71.36,7.91,81.0,-2.5,0
P277912,2024-04-28,71.29,7.15,80.0,-2.57,0
P277912,2024-04-29,73.88,8.4,84.4,0.02,0
P277912,2024-04-30,74.79,10.2,87.0,0.93,0
P277912,2024-05-01,75.13,11.61,90.0,1.27,0
P277912,2024-05-02,76.41,9.65,90.0,2.55,0
P277912,2024-05-03,72.63,9.83,85.0,-1.23,0
P277912,2024-05-04,72.25,8.75,85.0,-1.61,0
P277912,2024-05-05,73.82,9.76,86.7,-0.04,0
P277912,2024-05-06,75.59,9.47,88.0,1.73,0
P277912,2024-05-07,76.66,9.8,90.0,2.8,0
P277912,2024-05-08,75.0,8.0,86.0,1.14,0
P277912,2024-05-09,73.95,9.81,88.0,0.09,0
P277912,2024-05-10,74.73,9.87,90.0,0.87,0
P277912,2024-05-11,76.92,9.18,90.0,3.06,0
P277912,2024-05-12,75.56,9.13,89.0,1.7,1
P277912,2024-05-13,80.37,13.29,101.0,6.51,1
P277912,2024-05-14,77.58,10.62,92.0,3.72,0
P277912,2024-05-15,75.08,8.65,87.0,1.22,0
P277912,2024-05-16,74.65,9.25,88.0,0.79,0
P277912,2024-05-17,79.63,12.51,97.0,5.77,0
P277912,2024-05-18,77.73,9.42,92.0,3.87,0
P277912,2024-05-19,76.26,9.94,89.0,2.4,0
P305571,2026-02-06,62.78,11.11,76.0,-0.6,0
P305571,2026-02-07,64.03,14.08,84.0,0.65,0
P305571,2026-02-08,64.05,14.54,85.0,0.67,0
P305571,2026-02-09,63.4,13.07,78.0,0.02,0
P305571,2026-02-10,61.74,9.81,74.0,-1.64,0
P305571,2026-02-11,64.0,13.79,77.0,0.62,0
P305571,2026-02-12,63.83,11.51,75.6,0.45,0
P305571,2026-02-13,63.0,14.23,77.0,-0.38,0
P305571,2026-02-14,63.1,14.96,77.0,-0.28,0
P305571,2026-02-15,62.51,15.74,76.0,-0.87,0
P305571,2026-02-16,62.55,15.93,78.0,-0.83,0
P305571,2026-02-17,62.92,11.01,77.0,-0.46,0
P305571,2026-02-18,64.52,12.08,80.0,1.14,0
P305571,2026-02-19,64.64,11.93,78.0,1.26,0
P305571,2026-02-20,67.02,13.1,81.0,3.64,0
P305571,2026-02-21,64.67,11.39,79.0,1.29,0
P305571,2026-02-22,62.03,10.01,73.0,-1.35,0
P305571,2026-02-23,65.47,13.69,85.0,2.09,0
P305571,2026-02-24,62.86,11.68,73.0,-0.52,0
P305571,2026-02-25,64.66,14.44,85.0,1.28,0
P305571,2026-02-26,65.22,12.87,82.0,1.84,0
P305571,2026-02-27,68.77,15.52,91.0,5.39,0
P305571,2026-02-28,64.04,10.82,78.0,0.66,0
P305571,2026-03-01,62.67,10.51,76.0,-0.71,0
P305571,2026-03-02,61.74,12.8,79.0,-1.64,0
P305571,2026-03-03,64.21,13.51,85.0,0.83,0
P305571,2026-03-04,62.6,11.78,77.0,-0.78,0
P305571,2026-03-05,63.87,13.78,83.0,0.49,0
P305571,2026-03-06,62.85,12.69,78.0,-0.53,0
P305571,2026-03-07,61.51,11.75,75.0,-1.87,0
P305571,2026-03-08,65.15,15.43,82.8,1.77,0
P305571,2026-03-09,61.42,11.22,76.0,-1.96,0
P305571,2026-03-10,60.89,10.75,75.0,-2.49,0
P305571,2026-03-11,60.27,11.06,76.0,-3.11,0
P305571,2026-03-12,65.39,14.55,84.0,2.01,0
P305571,2026-03-13,63.92,11.96,77.0,0.54,0
P305571,2026-03-14,66.65,14.95,85.0,3.27,0
P305571,2026-03-15,65.0,11.53,79.0,1.62,0
P305571,2026-03-16,64.08,11.22,78.0,0.7,0
P305571,2026-03-17,59.75,9.79,73.6,-3.63,0
P305571,2026-03-18,59.35,9.43,71.0,-4.03,0
P305571,2026-03-19,63.8,14.11,83.0,0.42,0
P305571,2026-03-20,63.31,11.44,79.0,-0.07,0
P305571,2026-03-21,67.37,16.14,89.0,3.99,0
P305571,2026-03-22,64.87,13.08,81.0,1.49,0
P305571,2026-03-23,61.34,10.57,74.0,-2.04,0
P305571,2026-03-24,63.2,13.42,83.0,-0.18,0
P305571,2026-03-25,60.75,10.04,74.5,-2.63,0
P305571,2026-03-26,59.59,9.55,71.0,-3.79,0
P305571,2026-03-27,62.98,12.34,79.0,-0.4,0
P305571,2026-03-28,74.91,9.08,87.0,11.53,0
P305571,2026-03-29,68.32,7.99,80.0,4.94,2
P305571,2026-03-30,66.65,10.66,83.0,3.27,2
P305571,2026-03-31,67.73,9.01,80.0,4.35,2
P305571,2026-04-01,63.71,8.14,74.0,0.33,2
P305571,2026-04-02,61.35,8.0,73.0,-2.03,1
P305571,2026-04-03,58.21,8.9,70.0,-5.17,0
P305571,2026-04-04,57.05,11.6,73.0,-6.33,0
P305571,2026-04-05,55.08,11.17,71.0,-8.3,0
P305571,2026-04-06,54.8,9.9,70.0,-8.58,0
P305571,2026-04-07,53.77,10.94,70.0,-9.61,0
P305571,2026-04-08,59.33,13.58,80.6,-4.05,0
P305571,2026-04-09,56.99,9.88,69.0,-6.39,0
P305571,2026-04-10,61.38,13.57,82.0,-2.0,0
P305571,2026-04-11,59.7,12.83,76.0,-3.68,0
P305571,2026-04-12,59.52,12.59,76.0,-3.86,0
P305571,2026-04-13,62.1,12.35,79.0,-1.28,0
P305571,2026-04-14,63.38,12.5,80.0,0.0,0
P305571,2026-04-15,64.62,12.12,80.0,1.24,0
P308755,2028-10-12,62.47,6.02,70.0,0.24,0
P308755,2028-10-13,60.6,6.42,69.0,-1.63,0
P308755,2028-10-14,61.46,8.64,72.1,-0.77,0
P308755,2028-10-15,65.4,9.92,80.0,3.17,0
P308755,2028-10-16,61.21,7.84,72.0,-1.02,0
P308755,2028-10-17,58.61,7.65,70.0,-3.62,0
P308755,2028-10-18,61.77,6.82,69.6,-0.46,0
P308755,2028-10-19,60.73,8.53,72.0,-1.5,0
P308755,2028-10-20,60.52,8.05,72.0,-1.71,0
P308755,2028-10-21,60.57,7.86,71.0,-1.66,0
P308755,2028-10-22,62.94,8.13,75.0,0.71,0
P308755,2028-10-23,59.76,7.19,69.0,-2.47,0
P308755,2028-10-24,60.75,5.68,69.0,-1.48,0
P308755,2028-10-25,69.88,6.32,78.0,7.65,2
P308755,2028-10-26,64.56,6.64,73.0,2.33,2
P308755,2028-10-27,64.48,8.58,75.0,2.25,0
P308755,2028-10-28,64.87,8.41,74.0,2.64,0
P308755,2028-10-29,64.41,8.86,76.0,2.18,0
P308755,2028-10-30,64.3,8.68,76.0,2.07,0
P308755,2028-10-31,61.38,6.99,71.0,-0.85,0
P308755,2028-11-01,70.56,9.23,81.5,8.33,0
P308755,2028-11-02,63.07,8.17,74.0,0.84,0
P308755,2028-11-03,65.44,11.74,83.0,3.21,0
P308755,2028-11-04,65.38,9.22,79.0,3.15,0
P308755,2028-11-05,65.37,9.94,80.0,3.14,0
P308755,2028-11-06,63.79,7.38,74.0,1.56,0
P308755,2028-11-07,62.96,7.45,72.0,0.73,0
P308755,2028-11-08,73.92,7.13,83.0,11.69,0
P308755,2028-11-09,66.27,9.63,78.0,4.04,0
P308755,2028-11-10,68.63,8.68,80.0,6.4,0
P308755,2028-11-11,65.83,7.96,76.0,3.6,0
P308755,2028-11-12,68.6,8.98,80.0,6.37,0
P308755,2028-11-13,66.84,8.69,80.0,4.61,1
P308755,2028-11-14,63.99,8.19,76.0,1.76,0
P308755,2028-11-15,69.79,6.64,77.6,7.56,0
P308755,2028-11-16,67.01,9.62,80.0,4.78,0
P308755,2028-11-17,67.88,10.52,79.0,5.65,0
P308755,2028-11-18,66.93,7.18,77.0,4.7,0
P308755,2028-11-19,66.94,8.23,76.2,4.71,0
P308755,2028-11-20,64.1,10.03,75.0,1.87,0
P308755,2028-11-21,63.51,8.16,74.0,1.28,0
P308755,2028-11-22,73.83,9.16,87.8,11.6,0
P308755,2028-11-23,61.98,6.75,71.0,-0.25,0
P308755,2028-11-24,65.89,8.75,77.0,3.66,0
P308755,2028-11-25,63.17,9.57,75.0,0.94,0
P308755,2028-11-26,63.45,11.24,79.0,1.22,0
P308755,2028-11-27,67.5,8.96,79.0,5.27,0
P308755,2028-11-28,64.36,16.14,92.0,2.13,0
P308755,2028-11-29,59.22,4.31,64.7,-3.01,0
P308755,2028-11-30,59.63,7.54,69.0,-2.6,0
P308755,2028-12-01,60.86,7.99,71.0,-1.37,0
P308755,2028-12-02,61.1,9.21,74.0,-1.13,0
P308755,2028-12-03,59.69,6.95,70.0,-2.54,0
P308755,2028-12-04,59.98,9.22,70.0,-2.25,0
P308755,2028-12-05,62.14,6.34,69.0,-0.09,0
P308755,2028-12-06,65.4,9.0,76.0,3.17,0
P308755,2028-12-07,58.95,7.13,68.0,-3.28,0
P308755,2028-12-08,59.71,5.52,67.0,-2.52,0
P308755,2028-12-09,60.62,9.77,73.0,-1.61,0
P308755,2028-12-10,60.42,8.95,71.8,-1.81,0
P308755,2028-12-11,65.6,6.37,74.0,3.37,0
P308755,2028-12-12,61.87,9.32,74.0,-0.36,0
P308755,2028-12-13,67.17,7.03,76.2,4.94,0
P308755,2028-12-14,57.75,7.93,68.0,-4.48,0
P308755,2028-12-15,59.68,7.26,69.0,-2.55,0
P308755,2028-12-16,61.06,8.49,73.0,-1.17,0
P308755,2028-12-17,61.94,7.62,71.0,-0.29,0
P308755,2028-12-18,59.04,6.34,67.0,-3.19,0
P308755,2028-12-19,59.06,12.71,77.0,-3.17,0
P308755,2028-12-20,63.31,5.5,70.0,1.08,0
P308755,2028-12-21,59.49,7.3,69.0,-2.74,0
P308755,2028-12-22,61.04,8.47,72.0,-1.19,0
P308755,2028-12-23,62.28,7.82,73.0,0.05,0
P308755,2028-12-24,64.67,9.32,76.0,2.44,0
P308755,2028-12-25,63.43,9.17,74.0,1.2,0
P308755,2028-12-26,60.14,9.23,71.3,-2.09,0
P308755,2028-12-27,69.89,5.96,77.1,7.66,0
P308755,2028-12-28,70.56,8.03,83.0,8.33,2
P308755,2028-12-29,69.61,11.48,84.0,7.38,0
P308755,2028-12-30,66.13,8.03,77.0,3.9,0
P308755,2028-12-31,61.96,8.01,72.0,-0.27,0
P308755,2029-01-01,59.99,8.82,71.0,-2.24,0
P308755,2029-01-02,60.05,9.86,75.0,-2.18,0
P308755,2029-01-03,62.14,4.94,68.5,-0.09,0
P308755,2029-01-04,59.6,6.82,68.0,-2.63,0
P308755,2029-01-05,59.38,7.21,69.0,-2.85,0
P308755,2029-01-06,59.83,6.68,69.0,-2.4,0
P308755,2029-01-07,63.93,6.91,73.0,1.7,0
P308755,2029-01-08,64.53,8.36,75.0,2.3,2
P308755,2029-01-09,68.08,9.27,80.2,5.85,2
P308755,2029-01-10,72.73,6.55,77.6,10.5,2
P308755,2029-01-11,73.38,12.9,90.0,11.15,2
P308755,2029-01-12,71.3,8.39,82.3,9.07,2
P308755,2029-01-13,69.21,11.43,82.0,6.98,2
P308755,2029-01-14,73.16,14.46,95.0,10.93,2
P308755,2029-01-15,71.27,11.76,87.0,9.04,2
P308755,2029-01-16,67.95,16.13,96.0,5.72,2
P308755,2029-01-17,74.73,6.86,86.0,12.5,2
P308755,2029-01-18,70.94,9.3,85.0,8.71,2
P308755,2029-01-19,68.6,11.42,83.0,6.37,0
P308755,2029-03-18,63.43,9.08,74.0,1.2,0
P308755,2029-03-19,65.65,9.83,78.0,3.42,0
P308755,2029-03-20,67.35,10.95,81.0,5.12,0
P308755,2029-03-21,68.59,5.56,74.8,6.36,0
P308755,2029-03-22,65.64,8.42,76.0,3.41,0
P308755,2029-03-23,64.27,9.39,76.0,2.04,0
P308755,2029-03-24,67.17,9.36,79.0,4.94,0
P308755,2029-03-25,62.5,9.98,75.0,0.27,0
P308755,2029-03-26,66.37,10.97,80.0,4.14,0
P308755,2029-03-27,70.01,17.0,90.0,7.78,0
P308755,2029-03-28,71.55,7.51,79.4,9.32,0
P308755,2029-03-29,63.82,7.97,73.0,1.59,0
P308755,2029-03-30,71.28,7.5,77.0,9.05,0
P308755,2029-03-31,70.16,9.35,82.0,7.93,2
P308755,2029-04-01,68.55,10.2,82.0,6.32,0
P308755,2029-04-02,68.33,10.15,82.0,6.1,0
P308755,2029-04-03,66.85,9.37,79.0,4.62,0
P308755,2029-04-04,71.94,5.12,78.0,9.71,0
P308755,2029-04-05,65.67,9.13,76.0,3.44,0
P308755,2029-04-06,64.12,11.24,79.0,1.89,0
P308755,2029-04-07,64.35,9.02,76.0,2.12,0
P308755,2029-04-08,64.61,8.5,76.0,2.38,0
P308755,2029-04-09,64.5,9.56,76.0,2.27,0
P308755,2029-04-10,62.78,8.87,75.0,0.55,0
P308755,2029-04-11,64.9,4.68,71.0,2.67,0
P308755,2029-04-12,64.22,7.57,74.0,1.99,0
P308755,2029-04-13,61.8,10.87,76.0,-0.43,0
P308755,2029-04-14,68.35,8.74,78.0,6.12,0
P308755,2029-04-15,65.32,9.13,77.0,3.09,0
P308755,2029-04-16,66.78,8.71,78.0,4.55,0
P308755,2029-04-17,65.1,9.6,77.0,2.87,0
P308755,2029-04-18,66.26,5.2,72.0,4.03,0
P308755,2029-04-19,63.98,10.25,75.9,1.75,0
P308755,2029-04-20,66.87,8.93,77.0,4.64,0
P308755,2029-04-21,65.84,13.81,84.0,3.61,0
P308755,2029-04-22,65.69,9.15,77.0,3.46,0
P308755,2029-04-23,65.52,9.36,76.0,3.29,0
P308755,2029-04-24,65.28,10.37,80.0,3.05,0
P308755,2029-04-25,68.38,6.21,76.0,6.15,0
P308755,2029-04-26,67.25,9.8,79.0,5.02,0
P308755,2029-04-27,67.0,9.96,79.0,4.77,0
P308755,2029-04-28,66.05,7.51,74.0,3.82,0
P308755,2029-04-29,68.73,11.26,84.0,6.5,0
P308755,2029-04-30,66.32,9.82,79.0,4.09,0
P308755,2029-05-01,65.29,10.96,80.0,3.06,0
P308755,2029-05-02,81.28,7.75,93.0,19.05,0
P308755,2029-05-03,67.3,10.84,79.0,5.07,0
P308755,2029-05-04,66.71,10.6,80.0,4.48,0
P308755,2029-05-05,65.11,9.99,78.0,2.88,0
P308755,2029-05-06,67.7,14.27,86.0,5.47,0
P308755,2029-05-07,65.89,9.7,77.0,3.66,0
P308755,2029-05-08,63.3,9.74,76.0,1.07,0
P308755,2029-05-09,65.22,7.15,74.0,2.99,0
P308755,2029-05-10,62.46,10.36,76.0,0.23,0
P308755,2029-05-11,64.95,10.61,78.0,2.72,0
P308755,2029-05-12,62.4,8.84,73.0,0.17,0
P308755,2029-05-13,65.2,12.06,81.0,2.97,0
P308755,2029-05-14,62.41,9.24,74.0,0.18,0
P308755,2029-05-15,61.79,11.21,77.0,-0.44,0
P308755,2029-05-16,73.73,4.01,78.0,11.5,0
P308755,2029-05-17,61.07,7.02,69.0,-1.16,0
P308755,2029-05-18,61.33,10.22,75.0,-0.9,0
P308755,2029-05-19,62.22,10.75,77.0,-0.01,0
P308755,2029-05-20,65.48,9.84,78.0,3.25,0
P308755,2029-05-21,63.97,10.83,77.0,1.74,0
P308755,2029-05-22,59.68,10.91,76.0,-2.55,0
P308755,2029-05-23,68.28,5.62,75.0,6.05,0
P308755,2029-05-24,63.21,10.21,74.0,0.98,0
P308755,2029-05-25,63.05,10.95,78.0,0.82,0
P308755,2029-05-26,62.55,8.84,73.0,0.32,0
P308755,2029-05-27,62.49,9.82,74.5,0.26,0
P308755,2029-05-28,63.54,9.01,73.0,1.31,0
P308755,2029-05-29,63.54,10.5,76.0,1.31,0
P308755,2029-05-30,66.74,4.62,72.0,4.51,0
P308755,2029-05-31,59.32,7.07,68.0,-2.91,0
P308755,2029-06-01,61.9,9.27,73.0,-0.33,0
P308755,2029-06-02,60.51,9.35,73.0,-1.72,0
P319777,2027-03-23,65.94,4.99,72.0,-5.1,0
P319777,2027-03-24,64.86,7.99,75.0,-6.18,0
P319777,2027-03-27,73.99,8.14,84.0,2.95,0
P319777,2027-03-28,74.98,8.1,84.0,3.94,2
P319777,2027-03-29,75.45,8.9,87.0,4.41,0
P319777,2027-03-30,71.9,8.63,82.0,0.86,0
P319777,2027-03-31,74.28,8.51,86.0,3.24,0
P319777,2027-04-01,84.23,12.65,103.0,13.19,0
P319777,2027-04-02,75.08,6.84,83.0,4.04,1
P319777,2027-04-03,76.58,11.26,93.0,5.54,0
P319777,2027-04-04,72.84,8.13,83.0,1.8,0
P319777,2027-04-05,72.95,9.46,84.0,1.91,0
P319777,2027-04-06,75.25,7.14,83.0,4.21,0
P319777,2027-04-07,70.49,10.22,85.0,-0.55,0
P319777,2027-04-08,70.1,6.67,78.0,-0.94,0
P319777,2027-04-09,66.93,7.94,76.0,-4.11,0
P319777,2027-04-10,66.85,8.07,76.0,-4.19,0
P319777,2027-04-11,65.63,7.73,75.0,-5.41,0
P319777,2027-04-12,65.31,8.74,74.0,-5.73,0
P319777,2027-04-13,71.67,8.87,82.0,0.63,0
P319777,2027-04-14,68.75,9.32,81.0,-2.29,0
P319777,2027-04-15,70.45,7.1,76.0,-0.59,0
P319777,2027-04-16,68.47,9.08,81.0,-2.57,0
P319777,2027-04-17,70.06,9.52,84.0,-0.98,0
P319777,2027-04-18,68.02,8.48,77.0,-3.02,0
P319777,2027-04-19,68.15,7.82,76.0,-2.89,0
P319777,2027-04-20,72.5,10.58,85.0,1.46,0
P319777,2027-04-21,75.69,10.19,92.0,4.65,0
P319777,2027-04-22,74.32,7.55,85.0,3.28,1
P319777,2027-04-23,77.1,10.11,91.0,6.06,0
P319777,2027-04-24,75.41,7.61,85.0,4.37,0
P319777,2027-04-25,73.7,7.25,82.0,2.66,1
P319777,2027-04-26,72.5,8.17,83.0,1.46,0
P319777,2027-04-27,68.59,7.94,77.0,-2.45,0
P319777,2027-04-28,72.12,11.25,85.0,1.08,0
P319777,2027-04-29,69.58,6.83,77.0,-1.46,0
P319777,2027-04-30,69.26,7.53,78.0,-1.78,0
P319777,2027-05-01,70.69,9.52,83.0,-0.35,0
P319777,2027-05-02,70.29,9.92,83.0,-0.75,0
P319777,2027-05-03,72.17,6.82,80.0,1.13,0
P319777,2027-05-04,71.07,11.23,85.0,0.03,0
P319777,2027-05-05,70.35,9.44,82.0,-0.69,0
P319777,2027-05-06,68.97,7.53,78.0,-2.07,0
P319777,2027-05-07,67.04,8.73,76.5,-4.0,0
P319777,2027-05-08,64.53,6.33,72.0,-6.51,0
P319777,2027-05-09,64.13,10.0,75.0,-6.91,0
P319777,2027-05-10,64.49,6.84,72.0,-6.55,0
P319777,2027-05-11,62.59,11.09,76.0,-8.45,0
P319777,2027-05-12,64.93,10.93,79.0,-6.11,0
P319777,2027-05-13,64.91,7.67,73.0,-6.13,0
P319777,2027-05-14,62.53,7.62,72.0,-8.51,0
P319777,2027-05-15,60.39,6.39,68.0,-10.65,0
P319777,2027-05-16,61.36,8.35,71.0,-9.68,0
P319777,2027-05-17,64.61,8.64,76.0,-6.43,0
P319777,2027-05-18,65.34,10.01,76.0,-5.7,0
P319777,2027-05-19,66.44,6.03,73.0,-4.6,0
P319777,2027-05-20,64.95,8.81,76.0,-6.09,0
P319777,2027-05-21,62.89,8.77,73.0,-8.15,0
P319777,2027-05-22,63.95,7.34,72.0,-7.09,0
P319777,2027-05-23,64.48,8.64,77.0,-6.56,0
P319777,2027-05-24,66.8,7.56,76.0,-4.24,0
P319777,2027-05-25,70.13,7.87,79.0,-0.91,0
P319777,2027-05-26,69.26,10.61,81.0,-1.78,0
P319777,2027-05-27,69.62,6.48,77.0,-1.42,0
P319777,2027-05-28,69.39,9.3,79.0,-1.65,0
P319777,2027-05-29,70.03,7.99,79.0,-1.01,0
P319777,2027-05-30,70.76,9.77,82.0,-0.28,0
P319777,2027-05-31,72.13,9.75,84.0,1.09,0
P319777,2027-06-01,70.99,8.96,82.0,-0.05,0
P319777,2027-06-02,72.83,12.43,90.5,1.79,0
P319777,2027-06-03,71.65,7.52,81.0,0.61,0
P319777,2027-06-04,70.11,7.88,79.0,-0.93,0
P319777,2027-06-05,71.21,8.71,81.0,0.17,0
P319777,2027-06-06,68.93,8.91,78.0,-2.11,0
P319777,2027-06-07,68.62,5.93,76.0,-2.42,0
P319777,2027-06-08,69.5,11.71,84.0,-1.54,0
P319777,2027-06-09,71.07,8.38,82.0,0.03,0
P319777,2027-06-10,66.71,8.95,76.0,-4.33,0
P319777,2027-06-11,66.17,9.41,77.0,-4.87,0
P319777,2027-06-12,66.43,9.55,77.0,-4.61,0
P319777,2027-06-13,67.49,9.93,79.0,-3.55,0
P319777,2027-06-14,66.31,7.28,75.0,-4.73,0
P319777,2027-06-15,68.36,10.9,81.0,-2.68,0
P319777,2027-06-16,71.95,10.25,85.0,0.91,0
P319777,2027-06-17,67.2,8.15,76.0,-3.84,0
P319777,2027-06-18,67.23,8.63,77.9,-3.81,0
P319777,2027-06-19,68.04,8.41,78.0,-3.0,0
P319777,2027-06-20,69.37,10.68,84.0,-1.67,0
P319777,2027-06-21,68.15,6.61,77.0,-2.89,0
P319777,2027-06-22,73.35,10.18,87.0,2.31,0
P319777,2027-06-23,74.54,7.11,82.0,3.5,2
P319777,2027-06-24,71.6,7.98,80.0,0.56,0
P319777,2027-06-25,71.78,7.59,82.0,0.74,0
P319777,2027-06-26,70.71,9.95,83.0,-0.33,0
P319777,2027-06-27,73.19,9.89,83.0,2.15,0
P319777,2027-06-28,74.19,8.65,83.0,3.15,0
P319777,2027-06-29,75.63,10.52,91.0,4.59,2
P319777,2027-06-30,76.12,11.97,91.0,5.08,2
P319777,2027-07-01,73.5,8.67,84.0,2.46,2
P319777,2027-12-21,72.5,11.01,87.0,1.46,0
P319777,2027-12-22,75.39,12.08,94.0,4.35,0
P319777,2027-12-23,70.17,10.6,83.0,-0.87,0
P319777,2027-12-24,69.46,8.63,80.0,-1.58,0
P319777,2027-12-25,71.1,11.38,87.0,0.06,0
P319777,2027-12-26,68.94,9.38,82.0,-2.1,0
P319777,2027-12-27,67.9,8.08,79.0,-3.14,0
P319777,2027-12-28,67.75,11.94,85.0,-3.29,0
P319777,2027-12-29,72.22,11.22,90.0,1.18,0
P319777,2027-12-30,70.28,10.16,86.0,-0.76,0
P319777,2027-12-31,67.52,8.86,80.0,-3.52,0
P319777,2028-01-01,66.67,10.22,80.0,-4.37,0
P319777,2028-01-02,70.11,8.38,80.0,-0.93,0
P319777,2028-01-03,68.07,9.17,79.4,-2.97,0
P319777,2028-01-04,66.91,10.23,81.2,-4.13,0
P319777,2028-01-05,66.79,11.99,82.0,-4.25,0
P319777,2028-01-06,63.96,7.78,73.0,-7.08,0
P319777,2028-01-07,65.84,9.41,78.0,-5.2,0
P319777,2028-01-08,64.82,11.99,78.6,-6.22,0
P319777,2028-01-09,65.11,9.18,76.0,-5.93,0
P319777,2028-01-10,63.73,6.16,71.0,-7.31,0
P319777,2028-01-11,63.72,8.12,75.0,-7.32,0
P319777,2028-01-12,66.42,9.16,79.0,-4.62,0
P319777,2028-01-13,66.08,7.5,75.0,-4.96,0
P319777,2028-01-14,65.67,8.52,76.0,-5.37,0
P319777,2028-01-15,65.16,9.48,79.0,-5.88,0
P319777,2028-01-16,68.9,11.86,84.0,-2.14,0
P319777,2028-01-17,69.07,8.71,81.0,-1.97,0
P319777,2028-01-18,68.89,9.41,79.0,-2.15,0
P319777,2028-01-19,69.77,10.8,86.0,-1.27,0
P319777,2028-01-20,69.68,8.09,79.0,-1.36,0
P319777,2028-01-21,67.98,8.96,80.0,-3.06,0
P319777,2028-01-22,69.49,9.64,80.0,-1.55,0
P319777,2028-01-23,70.45,7.66,80.0,-0.59,0
P319777,2028-01-24,71.91,8.34,82.0,0.87,0
P319777,2028-01-25,70.83,9.0,83.0,-0.21,0
P319777,2028-01-26,71.13,10.28,86.0,0.09,0
P319777,2028-01-27,71.91,8.52,84.0,0.87,0
P319777,2028-01-28,71.74,9.59,84.0,0.7,0
P319777,2028-01-29,69.36,6.38,77.0,-1.68,0
P319777,2028-01-30,68.09,10.0,80.0,-2.95,0
P319777,2028-01-31,69.52,10.22,84.0,-1.52,0
P319777,2028-02-01,66.03,10.22,78.0,-5.01,0
P319777,2028-02-02,67.35,9.69,78.0,-3.69,0
P319777,2028-02-03,67.37,10.25,80.0,-3.67,0
P319777,2028-02-04,64.67,9.33,74.0,-6.37,0
P319777,2028-02-05,68.19,10.91,83.0,-2.85,0
P319777,2028-02-06,65.31,10.05,77.0,-5.73,0
P319777,2028-02-07,62.99,8.34,74.0,-8.05,0
P319777,2028-02-08,65.68,9.27,77.0,-5.36,0
P319777,2028-02-09,66.06,6.72,74.0,-4.98,0
P319777,2028-02-10,70.74,10.5,85.0,-0.3,0
P319777,2028-02-11,73.78,8.3,83.0,2.74,0
P319777,2028-02-12,71.39,8.74,83.0,0.35,2
P319777,2028-02-13,67.36,8.19,78.0,-3.68,0
P319777,2028-02-14,71.0,6.7,78.0,-0.04,0
P319777,2028-02-15,70.01,9.27,83.0,-1.03,0
P319777,2028-02-16,69.81,9.35,83.0,-1.23,0
P319777,2028-02-17,73.69,9.98,86.0,2.65,0
P319777,2028-02-18,75.19,7.26,84.0,4.15,0
P319777,2028-02-19,76.41,9.86,90.0,5.37,2
P319777,2028-02-20,75.35,7.68,85.0,4.31,2
P319777,2028-02-21,70.08,9.03,82.0,-0.96,0
P319777,2028-02-22,72.11,6.99,80.0,1.07,0
P319777,2028-02-23,69.09,10.73,84.0,-1.95,0
P319777,2028-02-24,71.18,9.04,83.0,0.14,0
P319777,2028-02-25,68.95,9.2,80.0,-2.09,0
P319777,2028-02-26,67.07,9.23,79.0,-3.97,0
P319777,2028-02-27,67.42,11.7,82.0,-3.62,0
P319777,2028-02-28,68.36,9.32,80.0,-2.68,0
P319777,2028-02-29,66.77,9.23,78.0,-4.27,0
P319777,2028-03-01,66.67,9.86,80.0,-4.37,0
P319777,2028-03-02,65.35,8.53,77.0,-5.69,0
P319777,2028-03-03,66.89,10.18,80.0,-4.15,0
P319777,2028-03-04,65.62,8.43,76.0,-5.42,0
P319777,2028-03-05,66.57,10.91,81.4,-4.47,0
P319777,2028-03-06,67.35,8.27,77.0,-3.69,0
P319777,2028-03-07,68.03,10.51,82.0,-3.01,0
P319777,2028-03-08,70.68,9.53,83.0,-0.36,0
P319777,2028-03-09,72.0,8.85,82.0,0.96,1
P319777,2028-03-10,69.8,7.22,78.0,-1.24,0
P319777,2028-03-11,70.35,8.45,81.0,-0.69,0
P319777,2028-03-12,71.28,10.04,85.0,0.24,0
P319777,2028-03-13,69.6,7.58,78.0,-1.44,0
P319777,2028-03-14,66.88,9.89,81.0,-4.16,0
P319777,2028-03-15,71.75,10.48,86.0,0.71,0
P319777,2028-03-16,69.64,8.33,79.0,-1.4,0
P319777,2028-03-17,68.29,7.09,76.0,-2.75,0
P319777,2028-03-18,71.39,9.29,84.0,0.35,0
P319777,2028-03-19,71.69,9.12,84.0,0.65,0
P319777,2028-03-20,72.07,8.31,82.0,1.03,0
P319777,2028-03-21,70.76,11.73,88.0,-0.28,0
P319777,2028-03-22,80.55,6.37,89.4,9.51,0
P319777,2028-03-23,68.25,7.87,79.0,-2.79,0
P319777,2028-03-24,65.25,8.48,75.0,-5.79,0
P319777,2028-03-25,67.32,9.34,79.0,-3.72,0
P319777,2028-03-26,65.2,7.57,74.0,-5.84,0
P319777,2028-03-27,64.9,10.64,78.0,-6.14,0
P319777,2028-03-28,67.13,10.55,82.0,-3.91,0
P319777,2028-03-29,71.2,7.06,80.0,0.16,0
P319777,2028-03-30,68.5,8.3,78.5,-2.54,0
P319777,2028-03-31,69.48,7.03,78.0,-1.56,0
P319777,2028-04-01,67.81,8.96,78.0,-3.23,0
P319777,2028-04-02,65.53,8.46,76.0,-5.51,0
P319777,2028-04-03,69.28,11.14,82.0,-1.76,0
P319777,2028-04-04,68.92,9.81,80.0,-2.12,0
P319777,2028-04-05,70.1,10.4,85.0,-0.94,0
P319777,2028-04-06,74.09,7.72,84.0,3.05,0
P319777,2028-04-07,75.16,9.52,87.0,4.12,2
P319777,2028-04-08,69.17,4.82,74.0,-1.87,2
P333074,2026-09-29,55.06,6.44,62.0,-2.92,0
P333074,2026-09-30,61.87,8.42,71.0,3.89,0
P333074,2026-10-01,53.61,6.91,64.0,-4.37,0
P333074,2026-10-02,61.61,6.28,69.0,3.63,0
P333074,2026-10-03,57.73,5.67,65.0,-0.25,1
P333074,2026-10-04,57.32,7.1,65.0,-0.66,0
P333074,2026-10-05,57.93,7.02,67.0,-0.05,0
P333074,2026-10-06,57.99,7.25,67.6,0.01,0
P333074,2026-10-07,59.29,8.4,70.0,1.31,0
P333074,2026-10-08,57.92,7.29,69.0,-0.06,0
P333074,2026-10-09,55.87,7.39,66.0,-2.11,0
P333074,2026-10-10,59.49,7.73,70.0,1.51,0
P333074,2026-10-11,57.28,7.34,67.0,-0.7,0
P333074,2026-10-12,57.83,7.15,66.0,-0.15,0
P333074,2026-10-13,57.31,4.27,63.0,-0.67,0
P333074,2026-10-14,56.18,6.24,64.0,-1.8,0
P333074,2026-10-15,58.58,8.47,70.0,0.6,0
P333074,2026-10-16,58.26,8.42,68.4,0.28,0
P333074,2026-10-17,56.29,7.17,65.0,-1.69,0
P333074,2026-10-18,54.5,5.72,62.0,-3.48,0
P333074,2026-10-22,55.95,8.4,66.0,-2.03,0
P333074,2026-10-23,56.06,7.28,66.0,-1.92,0
P333074,2026-10-24,57.32,6.71,66.0,-0.66,0
P333074,2026-10-28,55.42,5.7,63.0,-2.56,0
P333074,2026-10-29,55.24,6.39,63.0,-2.74,0
P333074,2026-10-30,57.13,8.59,68.0,-0.85,0
P333074,2026-10-31,49.47,3.88,55.0,-8.51,0
P333074,2026-11-01,59.67,6.1,67.0,1.69,0
P333074,2026-11-02,55.78,7.24,65.9,-2.2,0
P333074,2026-11-03,57.4,7.05,67.0,-0.58,0
P333074,2026-11-04,58.44,7.24,69.0,0.46,0
P333074,2026-11-05,59.51,9.17,72.0,1.53,0
P333074,2026-11-06,63.58,5.1,70.0,5.6,0
P333074,2026-11-07,58.6,6.38,66.0,0.62,0
P333074,2026-11-08,56.79,5.49,63.0,-1.19,0
P333074,2026-11-09,54.21,7.12,65.0,-3.77,0
P333074,2026-11-10,54.45,6.68,62.0,-3.53,0
P333074,2026-11-11,50.71,3.78,54.0,-7.27,0
P333074,2026-11-12,59.77,5.11,67.0,1.79,0
P333074,2026-11-13,55.1,6.85,64.0,-2.88,0
P333074,2026-11-14,55.5,6.85,64.0,-2.48,0
P333074,2026-11-15,54.91,7.37,64.0,-3.07,0
P333074,2026-11-16,52.11,7.06,63.0,-5.87,0
P333074,2026-11-17,56.18,7.51,65.0,-1.8,0
P333074,2026-11-18,57.72,9.54,69.8,-0.26,0
P333074,2026-11-19,54.29,6.73,63.0,-3.69,0
P333074,2026-11-20,56.04,7.73,66.0,-1.94,0
P333074,2026-11-21,54.08,7.07,65.0,-3.9,0
P333074,2026-11-22,55.66,3.81,60.0,-2.32,0
P333074,2026-11-23,58.02,6.98,66.0,0.04,0
P333074,2026-11-24,58.38,7.05,66.0,0.4,0
P333074,2026-11-25,57.17,6.74,65.0,-0.81,0
P333074,2026-11-26,57.36,6.52,65.0,-0.62,0
P333074,2026-11-27,56.48,7.78,67.9,-1.5,0
P333074,2026-11-30,57.75,6.23,65.0,-0.23,0
P333074,2026-12-01,59.31,8.18,69.0,1.33,0
P333074,2026-12-02,58.03,6.19,65.0,0.05,0
P333074,2026-12-03,57.82,8.44,70.0,-0.16,0
P333074,2026-12-04,56.79,6.83,65.0,-1.19,0
P333074,2026-12-05,57.54,6.74,66.0,-0.44,0
P333074,2026-12-06,56.11,8.78,65.0,-1.87,0
P333074,2026-12-07,54.38,6.62,63.0,-3.6,0
P333074,2026-12-08,52.83,7.64,63.0,-5.15,0
P333074,2026-12-09,59.69,5.0,65.0,1.71,0
P333074,2026-12-10,56.12,6.96,65.0,-1.86,0
P333074,2026-12-11,53.07,6.25,61.0,-4.91,0
P333074,2026-12-12,54.65,7.32,63.0,-3.33,0
P333074,2026-12-13,49.85,5.74,55.0,-8.13,0
P333074,2026-12-14,57.32,5.5,64.0,-0.66,0
P333074,2026-12-15,55.5,6.38,63.0,-2.48,0
P333074,2026-12-16,58.19,7.05,67.0,0.21,0
P333074,2026-12-17,61.13,6.0,69.0,3.15,0
P333074,2026-12-18,59.16,7.1,69.0,1.18,2
P333074,2026-12-19,49.16,3.64,53.0,-8.82,0
P333074,2027-01-01,57.92,7.95,68.0,-0.06,0
P333074,2027-01-02,57.21,7.71,66.0,-0.77,0
P333074,2027-01-03,56.25,7.31,66.0,-1.73,0
P333074,2027-01-04,55.62,8.64,66.0,-2.36,0
P333074,2027-01-05,51.99,6.26,61.0,-5.99,0
P333074,2027-01-06,56.78,7.68,65.0,-1.2,0
P333074,2027-01-24,53.45,6.2,60.0,-4.53,0
P333074,2027-01-25,55.01,6.31,63.0,-2.97,0
P333074,2027-01-26,54.18,6.52,62.0,-3.8,0
P333074,2027-01-27,52.7,6.83,61.5,-5.28,0
P333074,2027-01-28,47.68,5.97,56.0,-10.3,0
P333074,2027-01-31,53.21,8.21,63.0,-4.77,0
P333074,2027-02-01,54.37,7.2,63.0,-3.61,0
P333074,2027-02-02,53.75,6.89,62.0,-4.23,0
P333074,2027-02-03,54.97,6.37,63.0,-3.01,0
P333074,2027-02-04,51.03,5.6,57.7,-6.95,0
P333074,2027-02-09,54.62,8.24,65.0,-3.36,0
P333074,2027-02-10,57.66,9.33,68.3,-0.32,0
P333074,2027-02-11,59.16,8.11,70.0,1.18,0
P333074,2027-02-12,55.15,7.61,66.0,-2.83,0
P333074,2027-02-21,56.99,7.02,65.0,-0.99,0
P333074,2027-02-22,112.08,30.73,155.0,54.1,0
P333074,2027-02-23,56.65,6.38,62.0,-1.33,0
P333074,2027-02-24,56.19,6.86,65.0,-1.79,0
P333074,2027-02-25,56.0,9.56,67.0,-1.98,0
P333074,2027-02-26,52.92,7.5,63.0,-5.06,0
P333074,2027-02-27,52.33,7.38,63.0,-5.65,0
P333074,2027-02-28,58.37,4.9,66.0,0.39,0
P333074,2027-03-01,58.51,7.81,68.0,0.53,0
P333074,2027-03-02,56.84,6.73,65.0,-1.14,0
P333074,2027-03-03,56.93,6.58,65.7,-1.05,0
P333074,2027-03-04,58.61,6.67,67.0,0.63,0
P333074,2027-03-05,54.89,5.3,59.0,-3.09,2
P333074,2027-03-06,59.73,7.32,68.0,1.75,2
P333074,2027-03-07,59.81,5.97,68.0,1.83,2
P333074,2027-03-08,58.0,5.69,65.0,0.02,2
P333074,2027-03-09,58.17,6.39,65.0,0.19,1
P333074,2027-03-10,56.83,6.85,66.0,-1.15,1
P333074,2027-03-11,61.14,6.56,69.0,3.16,0
P333074,2027-03-12,58.24,7.26,67.4,0.26,0
P333074,2027-03-13,58.19,6.28,66.0,0.21,0
P333074,2027-03-14,60.38,8.92,72.0,2.4,0
P333074,2027-03-15,57.31,7.2,66.0,-0.67,0
P333074,2027-03-16,58.13,6.32,66.0,0.15,0
P333074,2027-03-17,57.0,6.8,65.0,-0.98,0
P333074,2027-03-18,59.53,10.45,76.0,1.55,0
P333074,2027-03-19,58.02,8.64,70.0,0.04,0
P333074,2027-03-20,56.52,7.16,66.0,-1.46,0
P333074,2027-03-21,55.48,6.59,63.0,-2.5,0
P333074,2027-03-22,54.02,6.34,61.0,-3.96,0
P333074,2027-03-23,54.42,7.32,63.0,-3.56,0
P333074,2027-03-24,62.41,7.24,72.0,4.43,0
P333074,2027-03-25,57.53,9.68,69.0,-0.45,0
P333074,2027-03-26,55.91,7.71,66.0,-2.07,0
P333074,2027-03-27,58.48,5.83,65.0,0.5,0
P333074,2027-03-28,55.17,6.4,64.0,-2.81,0
P333074,2027-03-29,59.62,5.07,67.0,1.64,0
P333074,2027-03-30,56.69,5.59,63.0,-1.29,0
P333074,2027-03-31,57.09,6.93,65.0,-0.89,0
P333074,2027-04-01,58.32,7.01,68.0,0.34,0
P333074,2027-04-02,56.84,7.48,66.0,-1.14,0
P333074,2027-04-03,56.63,6.34,65.0,-1.35,0
P333074,2027-04-04,54.71,5.43,61.0,-3.27,0
P333074,2027-04-05,57.3,6.8,67.0,-0.68,0
P333074,2027-04-06,55.89,5.55,63.0,-2.09,0
P333074,2027-04-07,62.94,6.99,74.0,4.96,1
P333074,2027-04-08,58.08,6.07,66.0,0.1,1
P333074,2027-04-09,58.85,7.54,69.0,0.87,1
P389953,2026-03-31,83.35,11.13,98.0,-2.56,0
P389953,2026-04-01,88.74,10.09,102.0,2.83,0
P389953,2026-04-02,90.06,8.44,101.0,4.15,2
P389953,2026-04-03,86.88,6.71,96.0,0.97,0
P389953,2026-04-04,80.54,10.24,96.0,-5.37,0
P389953,2026-04-05,83.97,8.58,94.0,-1.94,0
P389953,2026-04-06,84.53,9.91,95.0,-1.38,0
P389953,2026-04-07,87.44,8.64,97.0,1.53,0
P389953,2026-04-08,86.64,7.17,96.0,0.73,1
P389953,2026-04-09,79.21,7.83,88.0,-6.7,0
P389953,2026-04-10,79.3,10.09,94.0,-6.61,0
P389953,2026-04-11,78.75,10.72,92.0,-7.16,0
P389953,2026-04-12,81.26,10.14,93.0,-4.65,0
P389953,2026-04-13,81.62,9.46,95.0,-4.29,0
P389953,2026-04-14,84.45,7.91,93.0,-1.46,0
P389953,2026-04-15,85.86,8.22,97.0,-0.05,1
P389953,2026-04-16,82.5,6.92,90.0,-3.41,1
P389953,2026-04-17,76.69,7.51,87.0,-9.22,0
P389953,2026-04-18,90.47,10.24,106.0,4.56,0
P389953,2026-04-19,87.04,7.13,95.0,1.13,1
P389953,2026-04-20,83.84,5.81,91.0,-2.07,2
P389953,2026-04-21,86.69,12.0,107.0,0.78,0
P389953,2026-04-22,86.23,7.38,95.0,0.32,0
P389953,2026-04-23,86.05,11.36,104.0,0.14,0
P389953,2026-04-24,79.92,8.76,91.0,-5.99,0
P389953,2026-04-25,78.93,9.7,92.0,-6.98,0
P389953,2026-04-26,80.19,7.99,90.0,-5.72,0
P389953,2026-04-27,81.98,8.81,94.0,-3.93,0
P389953,2026-04-28,80.09,9.9,94.0,-5.82,0
P389953,2026-04-29,82.32,8.97,95.0,-3.59,0
P389953,2026-04-30,81.03,10.68,96.0,-4.88,0
P389953,2026-05-01,80.99,10.8,96.0,-4.92,0
P389953,2026-05-02,78.4,11.26,96.0,-7.51,0
P389953,2026-05-03,79.74,8.39,91.0,-6.17,0
P389953,2026-05-04,78.91,7.62,88.0,-7.0,0
P389953,2026-05-05,78.9,9.96,92.0,-7.01,0
P389953,2026-05-06,82.72,10.82,97.0,-3.19,0
P389953,2026-05-07,82.42,7.71,93.0,-3.49,0
P389953,2026-05-08,84.62,8.95,96.0,-1.29,0
P389953,2026-05-09,81.11,8.84,93.0,-4.8,0
P389953,2026-05-10,88.91,12.67,106.0,3.0,0
P389953,2026-05-11,83.25,9.65,96.0,-2.66,0
P389953,2026-05-12,81.96,11.02,99.0,-3.95,0
P389953,2026-05-13,80.36,11.13,96.0,-5.55,0
P389953,2026-05-14,73.02,6.84,82.0,-12.89,0
P389953,2026-05-15,75.69,12.02,92.0,-10.22,0
P389953,2026-05-16,83.77,9.64,97.0,-2.14,0
P389953,2026-05-17,86.05,10.47,101.0,0.14,0
P389953,2026-05-18,84.66,12.3,100.0,-1.25,0
P389953,2026-05-19,85.24,10.63,100.0,-0.67,0
P389953,2026-05-20,77.52,8.24,88.5,-8.39,0
P389953,2026-05-21,76.39,7.81,86.0,-9.52,0
P389953,2026-05-22,78.3,9.95,90.0,-7.61,0
P389953,2026-05-23,80.43,9.64,91.0,-5.48,0
P389953,2026-05-24,84.77,12.25,102.0,-1.14,0
P389953,2026-05-25,79.79,9.42,91.0,-6.12,0
P389953,2026-05-26,82.75,11.72,98.0,-3.16,0
P389953,2026-05-27,80.93,10.74,96.0,-4.98,0
P389953,2026-05-28,78.56,9.14,89.0,-7.35,0
P389953,2026-05-29,78.54,8.47,88.0,-7.37,0
P389953,2026-05-30,77.03,9.26,91.0,-8.88,0
P389953,2026-05-31,86.22,9.49,99.0,0.31,0
P389953,2026-06-01,82.17,7.87,92.0,-3.74,2
P389953,2026-06-02,82.78,9.19,96.0,-3.13,0
P389953,2026-06-03,84.36,11.01,98.0,-1.55,0
P389953,2026-06-04,81.64,11.42,96.0,-4.27,0
P389953,2026-06-05,80.83,9.32,92.0,-5.08,0
P389953,2026-06-06,82.98,10.24,96.0,-2.93,0
P389953,2026-06-07,90.46,10.63,105.3,4.55,0
P389953,2026-06-08,77.39,9.81,90.0,-8.52,0
P389953,2026-06-09,84.61,10.07,98.0,-1.3,0
P389953,2026-06-10,80.41,9.29,92.0,-5.5,0
P389953,2026-06-11,80.6,9.39,94.0,-5.31,0
P389953,2026-06-12,81.95,9.83,93.0,-3.96,0
P389953,2026-06-13,84.82,5.13,90.0,-1.09,1
P389953,2026-06-14,78.31,5.98,86.0,-7.6,0
P389953,2026-06-15,78.13,8.3,88.0,-7.78,0
P389953,2026-06-16,82.04,11.1,100.0,-3.87,0
P389953,2026-06-17,69.73,8.33,82.0,-16.18,0
P389953,2026-06-18,68.02,5.24,74.0,-17.89,0
P389953,2026-06-20,73.6,6.76,82.0,-12.31,0
P389953,2026-06-21,76.61,7.72,87.0,-9.3,0
P389953,2026-06-24,72.9,9.8,87.0,-13.01,0
P389953,2026-06-25,76.61,8.72,87.0,-9.3,0
P389953,2026-06-26,74.37,6.86,83.0,-11.54,0
P389953,2026-06-27,74.83,7.13,85.0,-11.08,0
P389953,2026-06-28,77.52,7.57,87.0,-8.39,0
P389953,2026-06-29,71.51,6.6,80.0,-14.4,0
P389953,2026-06-30,76.54,9.38,90.0,-9.37,0
P389953,2026-07-01,75.8,10.87,91.0,-10.11,0
P389953,2026-07-02,79.16,11.69,93.0,-6.75,0
P389953,2026-07-03,80.97,9.54,92.0,-4.94,0
P389953,2026-07-04,80.67,8.86,91.0,-5.24,0
P389953,2026-07-07,83.57,8.88,96.0,-2.34,0
P389953,2026-07-08,81.37,6.99,90.0,-4.54,1
P389953,2026-07-09,80.68,6.53,88.0,-5.23,2
P389953,2026-12-17,83.66,9.83,97.7,-2.25,0
P389953,2026-12-18,81.26,7.37,90.0,-4.65,2
P389953,2026-12-19,81.95,8.78,93.0,-3.96,1
P389953,2026-12-20,82.02,8.71,93.0,-3.89,0
P389953,2026-12-21,80.13,7.54,89.0,-5.78,0
P389953,2026-12-22,80.74,7.98,90.0,-5.17,0
P389953,2026-12-23,80.73,9.74,94.0,-5.18,0
P389953,2026-12-24,86.41,7.11,95.0,0.5,0
P389953,2026-12-25,79.47,9.43,92.0,-6.44,0
P389953,2026-12-26,86.57,7.69,97.0,0.66,0
P389953,2026-12-27,81.93,8.11,92.0,-3.98,0
P389953,2026-12-28,86.98,9.57,96.0,1.07,1
P430757,2026-03-25,88.57,8.9,101.0,-1.32,0
P430757,2026-03-26,92.67,9.63,106.0,2.78,0
P430757,2026-03-27,88.42,8.67,100.0,-1.47,0
P430757,2026-03-28,90.36,9.53,102.0,0.47,0
P430757,2026-03-29,89.42,9.57,102.0,-0.47,0
P430757,2026-03-30,87.04,8.84,98.0,-2.85,0
P430757,2026-03-31,88.82,9.5,100.0,-1.07,0
P430757,2026-04-01,95.51,15.21,118.0,5.62,0
P430757,2026-04-02,92.06,8.56,104.0,2.17,0
P430757,2026-04-03,91.71,10.54,109.0,1.82,0
P430757,2026-04-04,94.04,9.7,108.0,4.15,0
P430757,2026-04-05,89.43,9.57,103.0,-0.46,1
P430757,2026-04-06,91.19,10.97,107.0,1.3,0
P430757,2026-04-07,95.62,15.21,119.0,5.73,0
P430757,2026-04-08,100.55,9.73,116.0,10.66,0
P430757,2026-04-11,92.05,10.79,108.0,2.16,0
P430757,2026-04-12,89.24,9.07,102.0,-0.65,0
P430757,2026-04-13,89.39,7.95,99.0,-0.5,0
P430757,2026-04-14,90.56,8.23,103.0,0.67,0
P430757,2026-04-15,94.77,9.74,108.0,4.88,0
P430757,2026-04-16,89.82,8.79,102.0,-0.07,1
P430757,2026-04-17,94.08,12.35,111.0,4.19,0
P430757,2026-04-18,92.74,12.93,107.0,2.85,0
P430757,2026-04-19,97.02,10.83,111.0,7.13,2
P430757,2026-04-20,95.47,13.26,111.0,5.58,2
P430757,2026-04-21,98.16,9.65,109.0,8.27,2
P430757,2026-04-22,91.74,10.7,104.0,1.85,1
P430757,2026-04-23,90.39,10.89,104.0,0.5,0
P430757,2026-04-24,90.68,10.92,106.0,0.79,0
P430757,2026-04-25,93.86,13.51,110.0,3.97,0
P430757,2026-04-26,94.87,16.68,114.0,4.98,0
P430757,2026-04-27,89.88,11.03,106.0,-0.01,0
P430757,2026-04-28,91.59,11.37,104.0,1.7,0
P430757,2026-04-29,87.68,12.14,105.6,-2.21,0
P430757,2026-04-30,85.43,9.56,96.0,-4.46,0
P430757,2026-05-01,86.47,10.85,99.7,-3.42,0
P430757,2026-05-02,81.94,8.21,92.4,-7.95,0
P430757,2026-05-07,89.46,10.23,104.0,-0.43,0
P430757,2026-05-08,89.8,10.09,103.0,-0.09,0
P430757,2026-05-09,89.56,11.96,103.0,-0.33,0
P430757,2026-05-10,89.05,11.62,106.0,-0.84,0
P430757,2026-05-11,87.36,10.98,103.0,-2.53,0
P430757,2026-05-12,89.51,10.16,103.0,-0.38,0
P430757,2026-05-13,86.51,8.55,98.0,-3.38,0
P430757,2026-05-14,87.37,9.0,100.0,-2.52,0
P430757,2026-05-15,86.39,9.47,99.0,-3.5,0
P430757,2026-05-16,88.73,12.07,103.9,-1.16,0
P430757,2026-05-17,87.14,13.72,101.0,-2.75,0
P430757,2026-05-18,86.9,8.31,98.5,-2.99,0
P430757,2026-05-19,85.6,13.54,96.0,-4.29,0
P430757,2026-05-20,89.29,8.24,98.0,-0.6,0
P430757,2026-05-21,86.96,12.4,106.0,-2.93,0
P430757,2026-05-22,83.66,8.64,95.0,-6.23,0
P430757,2026-05-23,88.81,10.06,102.0,-1.08,0
P430757,2026-05-24,88.38,9.07,102.0,-1.51,0
P430757,2026-05-25,87.8,11.0,103.0,-2.09,0
P430757,2026-05-26,86.7,8.12,97.0,-3.19,0
P430757,2026-05-27,90.95,9.71,104.0,1.06,0
P430757,2026-05-28,92.44,11.2,107.0,2.55,1
P430757,2026-05-29,92.57,10.26,105.0,2.68,2
P430757,2026-05-30,90.38,9.27,103.0,0.49,0
P430757,2026-05-31,89.8,8.38,101.0,-0.09,0
P430757,2026-06-01,87.55,7.8,97.0,-2.34,0
P430757,2026-06-02,91.05,10.05,105.0,1.16,0
P430757,2026-06-03,90.43,9.64,104.0,0.54,0
P430757,2026-06-04,96.96,19.65,131.0,7.07,2
P430757,2026-06-05,89.74,10.11,104.0,-0.15,0
P430757,2026-06-06,92.48,11.11,107.0,2.59,0
P430757,2026-06-07,92.52,11.53,108.0,2.63,0
P430757,2026-06-08,93.08,9.63,104.0,3.19,1
P430757,2026-06-09,94.18,10.54,107.0,4.29,2
P430757,2026-06-10,90.04,9.5,101.0,0.15,0
P430757,2026-06-11,93.59,12.78,112.0,3.7,0
P430757,2026-06-12,95.12,12.56,112.0,5.23,0
P430757,2026-06-13,90.39,9.18,102.0,0.5,0
P430757,2026-06-14,88.89,9.57,102.0,-1.0,0
P430757,2026-06-15,88.4,10.68,102.0,-1.49,0
P430757,2026-06-16,86.43,11.53,98.0,-3.46,0
P430757,2026-06-17,88.45,11.74,104.0,-1.44,0
P430757,2026-06-18,86.48,7.2,95.0,-3.41,0
P430757,2026-06-19,90.16,11.85,107.9,0.27,0
P430757,2026-06-20,88.24,8.39,98.0,-1.65,0
P430757,2026-06-21,86.13,9.12,99.0,-3.76,0
P430757,2026-06-22,92.6,9.95,103.0,2.71,0
P430757,2026-06-23,89.58,8.14,99.0,-0.31,0
P430757,2026-06-24,92.52,7.41,103.0,2.63,0
P430757,2026-06-25,87.46,7.69,97.0,-2.43,0
P430757,2026-06-27,87.09,9.27,98.0,-2.8,0
P430757,2026-06-28,81.69,8.9,94.0,-8.2,0
P430757,2026-06-29,83.16,7.48,90.0,-6.73,0
P430757,2026-07-02,92.03,10.22,108.0,2.14,0
P430757,2026-07-03,88.68,9.18,99.0,-1.21,0
P430757,2026-10-09,89.9,8.94,100.0,0.01,0
P430757,2026-10-10,98.21,13.98,120.2,8.32,0
P430757,2026-10-11,94.06,7.53,104.0,4.17,0
P430757,2026-10-12,93.97,8.09,106.0,4.08,2
P430757,2026-10-13,91.54,9.73,106.0,1.65,0
P430757,2026-10-14,95.45,12.5,113.0,5.56,0
P430757,2026-10-15,89.81,10.81,102.0,-0.08,0
P430757,2026-10-16,89.13,9.88,101.0,-0.76,0
P430757,2026-10-17,86.87,8.85,98.0,-3.02,0
P430757,2026-10-18,93.4,12.83,110.0,3.51,0
P430757,2026-10-19,90.83,8.21,101.0,0.94,1
P430757,2026-10-20,89.76,12.98,105.0,-0.13,0
P430757,2026-10-21,94.79,7.33,104.0,4.9,0
P430757,2026-10-22,90.23,7.91,101.0,0.34,0
P430757,2026-10-23,90.32,8.09,101.0,0.43,0
P430757,2026-10-24,91.72,7.47,100.0,1.83,0
P430757,2026-10-25,94.7,9.93,109.0,4.81,2
P430757,2026-10-26,95.36,7.96,106.0,5.47,2
P430757,2026-10-27,90.92,7.45,101.0,1.03,1
P430757,2026-10-28,91.42,9.34,104.0,1.53,0
P430757,2026-10-29,95.49,9.69,107.0,5.6,0
P430757,2026-10-30,94.38,8.49,104.0,4.49,0
P430757,2026-10-31,88.53,7.2,98.0,-1.36,0
P430757,2026-11-01,92.26,10.03,108.0,2.37,0
P430757,2026-11-02,89.24,6.91,96.9,-0.65,0
P430757,2026-11-03,98.92,11.12,114.0,9.03,0
P430757,2026-11-04,92.38,10.07,107.0,2.49,0
P430757,2026-11-05,91.14,8.38,101.0,1.25,0
P430757,2026-11-06,92.05,9.94,108.0,2.16,0
P430757,2026-11-07,91.46,9.93,105.0,1.57,0
P430757,2026-11-08,89.45,9.03,102.0,-0.44,0
P430757,2026-11-09,91.57,9.43,104.0,1.68,0
P430757,2026-11-10,91.77,9.1,104.0,1.88,0
P430757,2026-11-11,94.54,10.29,109.0,4.65,0
P430757,2026-11-12,95.54,9.94,108.9,5.65,0
P430757,2026-11-18,95.4,7.51,104.0,5.51,0
P430757,2026-11-19,94.42,10.8,109.0,4.53,0
P430757,2026-11-20,95.7,8.39,106.9,5.81,0
P430757,2026-11-21,96.45,7.81,105.0,6.56,2
P430757,2026-11-22,95.83,8.83,107.0,5.94,0
P430757,2026-11-23,97.9,9.8,110.6,8.01,0
P430757,2026-11-24,96.84,7.73,107.0,6.95,2
P430757,2026-11-25,102.86,11.33,119.0,12.97,2
P430757,2026-11-26,100.87,9.04,112.0,10.98,2
P430757,2026-11-27,101.02,11.34,116.0,11.13,2
P430757,2026-11-28,96.51,8.85,108.0,6.62,2
P430757,2026-11-29,100.57,11.66,118.0,10.68,2
P430757,2026-11-30,91.64,8.05,102.0,1.75,0
P430757,2026-12-01,94.12,11.32,110.0,4.23,0
P430757,2026-12-02,94.67,9.48,108.0,4.78,0
P430757,2027-03-27,89.64,12.33,106.7,-0.25,0
P430757,2027-03-28,84.49,8.7,97.0,-5.4,0
P430757,2027-03-29,86.63,14.5,107.0,-3.26,0
P430757,2027-03-30,88.21,11.37,103.0,-1.68,0
P430757,2027-04-10,81.81,5.81,89.0,-8.08,0
P430757,2027-04-14,88.54,12.25,107.0,-1.35,0
P430757,2027-04-15,94.26,9.52,108.0,4.37,0
P430757,2027-05-26,89.68,9.88,103.0,-0.21,0
P430757,2027-05-27,84.87,5.46,92.0,-5.02,0
P430757,2027-05-28,87.99,8.65,100.0,-1.9,0
P430757,2027-05-29,105.54,9.41,118.0,15.65,0
P430757,2027-05-30,89.35,10.81,105.0,-0.54,0
P430757,2027-05-31,89.81,8.6,101.0,-0.08,0
P430757,2027-06-01,85.99,8.92,96.7,-3.9,0
P430757,2027-06-02,89.98,11.53,108.0,0.09,0
P430757,2027-06-03,88.41,10.16,101.0,-1.48,0
P430757,2027-06-04,88.94,10.12,103.0,-0.95,0
P430757,2027-06-05,88.22,10.82,103.0,-1.67,0
P430757,2027-06-06,93.48,15.48,117.0,3.59,0
P430757,2027-06-07,84.83,7.72,95.0,-5.06,0
P430757,2027-06-08,89.36,7.22,97.0,-0.53,0
P430757,2027-06-09,93.92,8.01,104.0,4.03,0
P430757,2027-06-10,90.81,10.63,105.0,0.92,0
P430757,2027-06-11,99.56,9.79,111.0,9.67,0
P430757,2027-06-12,100.21,7.45,110.0,10.32,2
P430757,2027-06-13,97.57,6.42,105.0,7.68,2
P430757,2027-06-14,97.95,9.46,112.0,8.06,1
P430757,2027-06-15,98.94,9.78,113.0,9.05,1
P430757,2027-06-16,96.19,7.05,103.0,6.3,2
P430757,2027-06-17,93.41,8.23,104.0,3.52,1
P430757,2027-06-18,90.2,11.76,107.2,0.31,0
P430757,2027-06-19,90.97,11.9,109.0,1.08,0
P430757,2027-06-20,88.67,8.26,100.0,-1.22,0
P430757,2027-06-21,94.49,12.5,110.0,4.6,0
P430757,2027-06-22,97.39,8.47,109.0,7.5,0
P430757,2027-06-23,100.74,10.97,117.0,10.85,2
P430757,2027-06-24,104.48,12.99,124.0,14.59,2
P430757,2027-06-25,95.57,8.07,105.0,5.68,2
P430757,2027-06-26,84.04,8.98,95.0,-5.85,0
P430757,2027-06-27,85.93,7.49,95.0,-3.96,0
P430757,2027-06-28,89.07,13.77,111.0,-0.82,0
P430757,2027-06-29,83.82,7.95,94.0,-6.07,0
P430757,2027-06-30,80.08,9.89,90.0,-9.81,0
P442730,2028-10-19,66.59,12.04,81.0,-1.03,0
P442730,2028-10-20,65.76,15.9,86.0,-1.86,0
P442730,2028-10-21,68.59,14.67,89.0,0.97,0
P442730,2028-10-22,67.6,20.39,99.0,-0.02,0
P442730,2028-10-23,69.57,17.67,96.0,1.95,0
P442730,2028-10-24,68.33,14.86,89.0,0.71,0
P442730,2028-10-25,71.52,12.84,88.0,3.9,0
P442730,2028-10-26,69.78,13.14,87.0,2.16,0
P442730,2028-10-27,70.19,15.64,93.0,2.57,0
P442730,2028-10-28,71.64,14.93,91.2,4.02,0
P442730,2028-10-29,75.83,17.62,100.0,8.21,0
P442730,2028-10-30,70.9,16.05,95.0,3.28,0
P442730,2028-10-31,67.01,12.77,86.0,-0.61,0
P442730,2028-11-01,67.67,14.14,87.0,0.05,0
P442730,2028-11-02,66.58,15.01,86.9,-1.04,0
P442730,2028-11-03,69.76,15.79,92.0,2.14,0
P442730,2028-11-04,72.7,17.86,99.0,5.08,0
P442730,2028-11-05,67.12,15.28,92.0,-0.5,0
P442730,2028-11-06,66.69,15.12,84.0,-0.93,0
P442730,2028-11-07,66.01,13.24,85.0,-1.61,0
P442730,2028-11-08,67.73,15.84,87.9,0.11,0
P442730,2028-11-09,65.35,12.95,85.0,-2.27,0
P442730,2028-11-10,63.49,11.3,78.0,-4.13,0
P442730,2028-11-11,78.72,16.69,99.0,11.1,0
P442730,2028-11-12,75.03,17.55,99.0,7.41,1
P442730,2028-11-13,64.63,14.1,87.0,-2.99,0
P442730,2028-11-14,72.29,14.33,91.0,4.67,0
P442730,2028-11-15,69.32,13.61,87.0,1.7,0
P442730,2028-11-16,69.86,13.87,89.0,2.24,0
P442730,2028-11-17,67.3,15.04,88.0,-0.32,0
P442730,2028-11-18,71.68,16.51,92.0,4.06,0
P442730,2028-11-19,64.69,12.85,84.0,-2.93,0
P442730,2028-11-20,65.14,13.13,86.0,-2.48,0
P442730,2028-11-21,68.47,13.54,87.0,0.85,0
P442730,2028-11-22,71.53,13.34,89.0,3.91,0
P442730,2028-11-23,70.85,14.65,90.0,3.23,0
P442730,2028-11-24,74.69,14.11,93.0,7.07,0
P442730,2028-11-25,72.45,16.11,95.1,4.83,0
P442730,2028-11-26,72.74,18.11,99.1,5.12,0
P442730,2028-11-27,70.48,18.92,100.0,2.86,0
P442730,2028-11-28,69.28,15.96,88.0,1.66,0
P442730,2028-11-29,71.52,16.2,93.0,3.9,0
P442730,2028-11-30,72.28,14.32,93.0,4.66,0
P442730,2028-12-01,72.0,14.96,88.0,4.38,0
P442730,2028-12-02,73.09,17.62,101.0,5.47,0
P442730,2028-12-03,70.71,16.7,98.0,3.09,1
P442730,2028-12-04,67.85,15.61,92.0,0.23,0
P442730,2028-12-05,73.34,13.8,92.0,5.72,0
P442730,2028-12-06,72.93,13.45,92.0,5.31,2
P442730,2028-12-07,72.32,12.79,90.0,4.7,2
P442730,2028-12-08,73.59,16.5,98.0,5.97,0
P442730,2028-12-09,71.59,14.49,92.0,3.97,0
P442730,2028-12-10,75.01,14.72,93.0,7.39,0
P442730,2028-12-11,70.2,17.16,94.0,2.58,0
P442730,2028-12-12,68.12,13.17,86.0,0.5,0
P442730,2028-12-13,66.94,12.04,85.0,-0.68,0
P442730,2028-12-14,65.88,10.79,82.0,-1.74,0
P442730,2028-12-15,66.43,11.84,81.0,-1.19,0
P442730,2028-12-16,70.89,13.26,88.2,3.27,0
P442730,2028-12-17,69.58,11.07,84.0,1.96,0
P442730,2028-12-18,69.63,11.66,86.0,2.01,1
P442730,2028-12-19,69.13,9.57,81.0,1.51,1
P442730,2028-12-20,72.51,12.63,86.0,4.89,1
P442730,2028-12-21,74.84,11.13,90.0,7.22,1
P442730,2028-12-22,69.72,10.02,84.0,2.1,0
P442730,2028-12-23,69.32,14.69,90.0,1.7,0
P442730,2028-12-24,72.56,16.11,97.0,4.94,0
P442730,2028-12-25,75.08,10.35,89.0,7.46,0
P442730,2028-12-26,79.28,11.34,94.7,11.66,2
P442730,2028-12-27,72.12,13.78,93.0,4.5,0
P442730,2028-12-28,67.65,10.69,81.0,0.03,0
P442730,2028-12-29,66.79,13.91,84.0,-0.83,0
P442730,2028-12-30,64.09,12.44,81.0,-3.53,0
P442730,2028-12-31,66.71,10.4,81.0,-0.91,0
P442730,2029-01-01,65.29,12.75,85.0,-2.33,0
P442730,2029-01-02,67.87,12.65,86.0,0.25,0
P442730,2029-01-03,64.8,13.46,82.0,-2.82,0
P442730,2029-01-04,64.19,11.59,80.0,-3.43,0
P442730,2029-01-05,66.97,15.53,84.0,-0.65,0
P442730,2029-01-06,67.42,14.81,88.0,-0.2,0
P442730,2029-01-07,73.13,16.17,95.9,5.51,0
P442730,2029-01-08,71.94,14.77,94.8,4.32,0
P442730,2029-01-09,65.18,12.23,79.1,-2.44,0
P442730,2029-01-10,64.71,11.32,79.0,-2.91,0
P442730,2029-01-11,64.84,11.74,81.0,-2.78,0
P442730,2029-01-12,64.48,12.79,81.0,-3.14,0
P442730,2029-01-13,66.39,12.51,82.0,-1.23,0
P442730,2029-01-14,66.89,14.94,87.0,-0.73,0
P442730,2029-01-15,67.29,12.35,85.0,-0.33,0
P442730,2029-01-16,67.17,13.2,85.0,-0.45,0
P442730,2029-01-17,66.43,12.27,81.0,-1.19,0
P442730,2029-01-18,67.58,12.17,83.0,-0.04,0
P442730,2029-01-19,68.6,13.37,85.0,0.98,0
P442730,2029-01-20,75.58,12.28,89.9,7.96,0
P442730,2029-01-21,75.5,17.9,104.8,7.88,0
P442730,2029-01-22,76.11,15.2,101.0,8.49,0
P442730,2029-01-23,71.19,12.34,86.6,3.57,1
P442730,2029-01-24,71.0,13.75,91.0,3.38,0
P442730,2029-01-25,71.22,10.65,85.0,3.6,0
P442730,2029-01-26,72.28,12.73,89.6,4.66,0
P442730,2029-06-24,73.43,11.78,89.0,5.81,0
P442730,2029-06-25,74.1,10.86,90.0,6.48,2
P442730,2029-06-26,72.19,9.25,85.0,4.57,2
P442730,2029-06-27,73.44,10.77,89.0,5.82,2
P442730,2029-06-28,75.44,9.32,88.0,7.82,2
P442730,2029-06-29,71.19,10.75,85.0,3.57,0
P442730,2029-06-30,70.59,10.49,84.0,2.97,0
P442730,2029-07-01,68.87,11.26,85.0,1.25,0
P442730,2029-07-02,67.53,12.19,84.5,-0.09,0
P442730,2029-07-03,69.71,10.37,83.0,2.09,0
P442730,2029-07-04,69.44,10.21,83.0,1.82,0
P442730,2029-07-05,68.9,11.03,82.0,1.28,0
P442730,2029-07-06,69.13,11.39,84.0,1.51,0
P442730,2029-07-07,72.35,15.78,95.0,4.73,0
P442730,2029-07-08,71.63,11.89,88.0,4.01,0
P442730,2029-07-09,69.94,10.7,86.0,2.32,1
P442730,2029-07-10,69.11,9.46,83.0,1.49,1
P442730,2029-07-11,71.09,15.51,91.0,3.47,0
P442730,2029-07-12,70.01,9.25,82.0,2.39,0
P442730,2029-07-13,69.24,10.85,82.0,1.62,0
P442730,2029-07-14,73.27,10.66,86.0,5.65,0
P442730,2029-07-15,73.7,14.21,95.0,6.08,2
P442730,2029-07-16,70.27,11.26,85.0,2.65,2
P442730,2029-07-17,71.33,9.5,83.0,3.71,2
P442730,2029-07-18,71.04,8.63,83.0,3.42,2
P442730,2029-07-19,70.52,9.33,83.0,2.9,2
P442730,2029-07-20,75.41,12.95,94.0,7.79,2
P442730,2029-07-21,74.8,11.61,90.0,7.18,2
P442730,2029-07-22,73.59,13.05,92.0,5.97,2
P442730,2029-07-23,69.41,12.96,87.0,1.79,0
P442730,2029-07-24,68.83,12.47,87.0,1.21,0
P442730,2029-07-25,74.17,10.77,88.0,6.55,1
P442730,2029-07-26,72.76,10.78,87.0,5.14,0
P442730,2029-07-27,73.74,11.55,87.0,6.12,0
P442730,2029-07-28,72.32,12.13,87.0,4.7,0
P442730,2029-07-29,74.32,11.59,90.0,6.7,0
P442730,2029-07-30,67.55,10.42,83.9,-0.07,0
P442730,2029-07-31,70.27,12.02,87.0,2.65,0
P442730,2029-08-01,68.85,11.88,84.0,1.23,0
P442730,2029-08-02,68.13,11.48,82.0,0.51,0
P442730,2029-08-03,68.07,14.58,84.0,0.45,0
P442730,2029-08-04,71.55,12.11,86.0,3.93,0
P442730,2029-08-05,71.08,10.66,86.0,3.46,0
P442730,2029-08-06,68.48,11.21,85.0,0.86,0
P442730,2029-08-07,66.8,9.71,80.0,-0.82,0
P442730,2029-08-08,68.83,13.69,85.0,1.21,0
P442730,2029-08-09,69.23,11.08,83.0,1.61,0
P442730,2029-08-10,68.94,11.8,83.0,1.32,0
P442730,2029-08-11,72.51,9.71,85.0,4.89,0
P442730,2029-08-12,69.95,12.52,87.0,2.33,0
P442730,2029-08-13,69.24,11.03,86.0,1.62,0
P442730,2029-08-14,67.93,9.56,81.0,0.31,0
P442730,2029-08-15,70.75,10.65,84.0,3.13,0
P442730,2029-08-16,73.24,13.48,93.3,5.62,0
P442730,2029-08-17,70.13,9.16,82.0,2.51,0
P442730,2029-08-18,69.01,10.41,84.0,1.39,0
P442730,2029-08-19,67.71,9.86,81.0,0.09,0
P442730,2029-08-20,70.01,10.4,83.0,2.39,0
P442730,2029-08-21,69.66,9.6,83.0,2.04,0
P442730,2029-08-22,71.14,8.32,82.0,3.52,0
P442730,2029-08-23,69.46,11.38,83.0,1.84,0
P442730,2029-08-24,71.19,10.37,83.0,3.57,0
P442730,2029-08-25,70.51,10.45,84.0,2.89,0
P442730,2029-08-26,72.25,12.4,88.0,4.63,0
P442730,2029-08-27,71.64,10.33,86.0,4.02,2
P442730,2029-08-28,72.94,12.22,88.0,5.32,2
P442730,2029-08-29,70.88,9.92,83.0,3.26,2
P442730,2029-08-30,71.91,10.98,86.0,4.29,0
P442730,2029-08-31,68.35,10.08,82.0,0.73,0
P442730,2029-09-01,69.18,11.29,83.0,1.56,0
P442730,2029-09-02,70.59,10.82,86.0,2.97,0
P442730,2029-09-03,68.68,12.14,85.0,1.06,0
P442730,2029-09-04,64.54,9.33,78.0,-3.08,0
P442730,2029-09-05,58.73,6.5,65.0,-8.89,0
P469946,2028-10-05,77.97,9.2,89.0,-0.71,0
P469946,2028-10-06,77.0,8.98,88.0,-1.68,0
P469946,2028-10-07,76.47,9.47,89.0,-2.21,0
P469946,2028-10-08,77.47,9.42,88.0,-1.21,0
P469946,2028-10-09,78.98,7.71,89.0,0.3,0
P469946,2028-10-10,78.3,12.09,92.0,-0.38,0
P469946,2028-10-11,79.63,6.87,89.0,0.95,0
P469946,2028-10-12,75.2,8.31,87.0,-3.48,0
P469946,2028-10-13,81.76,10.5,96.0,3.08,0
P469946,2028-10-14,81.7,9.33,94.0,3.02,2
P469946,2028-10-15,78.78,6.52,87.0,0.1,2
P469946,2028-10-16,76.61,7.18,86.0,-2.07,0
P469946,2028-10-17,76.38,8.6,87.0,-2.3,0
P469946,2028-10-18,78.4,11.77,95.0,-0.28,0
P469946,2028-10-19,78.06,8.05,90.0,-0.62,0
P469946,2028-10-20,81.15,8.77,92.0,2.47,0
P469946,2028-10-21,78.51,8.94,90.0,-0.17,0
P469946,2028-10-22,83.66,7.39,95.0,4.98,0
P469946,2028-10-23,80.92,5.86,89.0,2.24,2
P469946,2028-10-24,80.71,8.17,93.0,2.03,1
P469946,2028-10-25,79.17,9.7,93.0,0.49,0
P469946,2028-10-26,78.91,8.18,91.0,0.23,0
P469946,2028-10-27,83.58,12.3,101.0,4.9,0
P469946,2028-10-28,80.94,8.85,92.0,2.26,0
P469946,2028-10-29,79.13,6.74,87.0,0.45,0
P469946,2028-10-30,80.67,10.86,97.0,1.99,0
P469946,2028-10-31,78.02,7.49,88.0,-0.66,0
P469946,2028-11-01,79.27,5.94,87.0,0.59,0
P469946,2028-11-02,77.51,9.41,89.0,-1.17,0
P469946,2028-11-03,77.6,7.17,88.0,-1.08,0
P469946,2028-11-04,74.79,8.59,89.8,-3.89,0
P469946,2028-11-05,75.35,8.19,88.0,-3.33,0
P469946,2028-11-06,74.28,7.77,85.0,-4.4,0
P469946,2028-11-07,72.64,7.39,83.0,-6.04,0
P469946,2028-11-08,67.07,5.51,75.0,-11.61,0
P469946,2028-11-09,72.45,8.27,83.0,-6.23,0
P469946,2028-11-10,74.02,8.55,86.0,-4.66,0
P469946,2028-11-11,73.23,10.2,87.0,-5.45,0
P469946,2028-11-12,77.26,6.56,86.0,-1.42,0
P469946,2028-11-13,75.75,8.46,88.0,-2.93,0
P469946,2028-11-14,72.77,7.25,82.0,-5.91,0
P469946,2028-11-15,74.62,9.72,88.0,-4.06,0
P469946,2028-11-16,72.48,8.6,82.0,-6.2,0
P469946,2028-11-17,74.66,11.05,92.0,-4.02,0
P469946,2028-11-18,72.79,8.26,84.0,-5.89,0
P469946,2028-11-19,73.33,8.66,85.0,-5.35,0
P469946,2028-11-20,76.41,9.72,91.0,-2.27,0
P469946,2028-11-21,73.97,10.02,88.0,-4.71,0
P469946,2028-11-22,73.03,7.13,84.0,-5.65,0
P469946,2028-11-23,75.97,7.36,84.0,-2.71,0
P469946,2028-11-24,76.22,10.29,91.0,-2.46,0
P469946,2028-11-25,75.63,11.82,94.8,-3.05,0
P469946,2028-11-26,75.49,7.62,85.0,-3.19,0
P469946,2028-11-27,76.0,8.66,88.0,-2.68,0
P469946,2028-11-28,77.8,6.78,86.0,-0.88,0
P469946,2028-11-29,72.44,4.99,79.0,-6.24,0
P469946,2028-11-30,78.53,10.23,93.0,-0.15,0
P469946,2028-12-01,81.41,9.53,95.0,2.73,0
P469946,2028-12-02,76.78,8.47,88.0,-1.9,0
P469946,2028-12-03,75.76,8.19,86.0,-2.92,0
P469946,2028-12-04,78.19,9.01,90.0,-0.49,0
P469946,2028-12-05,80.74,7.19,89.0,2.06,1
P469946,2028-12-06,76.83,9.19,88.0,-1.85,0
P469946,2028-12-07,75.33,6.4,83.0,-3.35,0
P469946,2028-12-08,77.5,12.15,94.0,-1.18,0
P469946,2028-12-09,77.06,9.07,89.0,-1.62,0
P469946,2028-12-10,75.21,5.99,82.0,-3.47,0
P469946,2028-12-11,79.47,10.3,93.0,0.79,0
P469946,2028-12-12,75.16,8.36,87.0,-3.52,0
P469946,2028-12-13,76.67,6.77,85.0,-2.01,0
P469946,2028-12-14,70.96,6.5,81.0,-7.72,0
P469946,2028-12-15,73.34,8.09,83.0,-5.34,0
P469946,2028-12-16,73.41,9.12,86.0,-5.27,0
P469946,2028-12-17,73.99,9.49,88.0,-4.69,0
P469946,2028-12-18,74.78,8.68,86.0,-3.9,0
P469946,2028-12-19,80.37,8.55,93.0,1.69,0
P469946,2028-12-20,77.57,7.66,87.0,-1.11,1
P469946,2028-12-21,77.02,9.12,89.0,-1.66,0
P469946,2028-12-22,79.59,8.71,92.0,0.91,0
P469946,2028-12-23,76.93,7.93,87.0,-1.75,0
P469946,2028-12-24,77.19,7.32,87.0,-1.49,0
P469946,2028-12-25,78.23,10.24,93.0,-0.45,0
P469946,2028-12-26,76.81,7.72,86.0,-1.87,0
P469946,2028-12-27,77.91,9.69,96.0,-0.77,0
P469946,2028-12-28,74.88,6.0,84.0,-3.8,0
P469946,2028-12-29,75.35,7.62,86.0,-3.33,0
P469946,2028-12-30,73.98,9.19,87.0,-4.7,0
P469946,2028-12-31,75.87,8.14,86.0,-2.81,0
P469946,2029-01-01,75.07,8.04,85.0,-3.61,0
P469946,2029-01-02,74.69,6.7,83.5,-3.99,0
P469946,2029-01-03,75.03,7.1,84.0,-3.65,0
P469946,2029-01-04,74.27,7.51,83.0,-4.41,0
P469946,2029-01-05,77.59,6.16,85.0,-1.09,0
P469946,2029-01-06,79.07,9.05,90.7,0.39,0
P469946,2029-01-07,76.4,6.26,84.0,-2.28,0
P469946,2029-01-08,74.03,8.5,87.0,-4.65,0
P469946,2029-01-09,75.46,9.39,87.0,-3.22,0
P469946,2029-01-10,75.03,9.07,87.0,-3.65,0
P469946,2029-01-11,76.16,7.84,85.0,-2.52,0
P469946,2029-01-12,79.93,8.1,91.0,1.25,0
P469946,2029-01-13,78.44,6.3,87.0,-0.24,2
P469946,2029-01-14,79.09,7.26,89.0,0.41,1
P469946,2029-01-15,77.45,8.5,88.0,-1.23,0
P469946,2029-01-16,79.46,6.97,88.0,0.78,0
P469946,2029-01-17,73.34,7.4,82.0,-5.34,0
P469946,2029-01-18,72.23,7.23,82.0,-6.45,0
P469946,2029-01-19,76.52,8.49,87.0,-2.16,0
P469946,2029-01-20,76.69,8.26,88.0,-1.99,0
P469946,2029-01-21,81.39,8.06,92.0,2.71,0
P469946,2029-01-22,78.47,8.05,89.0,-0.21,0
P469946,2029-01-23,76.39,6.65,84.0,-2.29,0
P469946,2029-01-24,74.28,9.42,89.0,-4.4,0
P469946,2029-01-25,76.07,6.72,84.0,-2.61,0
P469946,2029-01-26,79.52,9.62,92.0,0.84,0
P469946,2029-01-27,76.22,7.58,85.0,-2.46,0
P469946,2029-01-28,78.52,7.53,88.0,-0.16,0
P469946,2029-01-29,78.06,7.62,87.0,-0.62,0
P469946,2029-01-30,79.42,6.79,90.0,0.74,0
P469946,2029-01-31,81.89,10.83,97.0,3.21,0
P469946,2029-02-01,72.67,6.53,81.0,-6.01,0
P469946,2029-02-02,73.64,8.62,85.0,-5.04,0
P469946,2029-02-03,75.46,7.55,85.0,-3.22,0
P469946,2029-02-04,75.82,9.89,89.0,-2.86,0
P469946,2029-02-05,77.6,7.66,89.0,-1.08,0
P469946,2029-02-06,76.93,8.08,88.0,-1.75,0
P469946,2029-02-07,75.76,7.94,86.0,-2.92,0
P469946,2029-02-08,78.19,10.72,95.0,-0.49,0
P469946,2029-02-09,81.91,8.87,94.0,3.23,0
P469946,2029-02-10,78.42,8.21,89.0,-0.26,0
P469946,2029-02-11,77.4,9.41,92.0,-1.28,0
P469946,2029-02-12,75.0,8.12,85.0,-3.68,0
P469946,2029-02-13,77.17,8.63,89.0,-1.51,0
P469946,2029-02-14,74.48,6.51,83.0,-4.2,0
P469946,2029-02-15,76.66,9.34,89.0,-2.02,0
P469946,2029-02-16,78.49,7.88,89.6,-0.19,0
P469946,2029-02-17,81.16,7.6,93.0,2.48,0
P469946,2029-02-18,78.03,6.92,87.0,-0.65,2
P469946,2029-02-19,78.93,7.59,90.0,0.25,0
P469946,2029-02-20,79.34,9.71,93.0,0.66,0
P469946,2029-02-21,76.74,5.62,83.0,-1.94,0
P469946,2029-02-22,78.74,8.46,89.8,0.06,0
P469946,2029-02-23,80.77,9.6,94.0,2.09,0
P469946,2029-02-24,77.23,7.5,88.0,-1.45,0
P469946,2029-02-25,76.64,6.42,84.0,-2.04,0
P469946,2029-02-26,79.78,7.73,90.0,1.1,0
P469946,2029-02-27,79.01,8.77,92.0,0.33,0
P469946,2029-02-28,83.74,8.04,93.0,5.06,0
P469946,2029-03-01,80.33,7.05,89.0,1.65,2
P469946,2029-03-02,77.22,9.81,91.0,-1.46,0
P469946,2029-03-03,79.44,9.33,92.0,0.76,0
P469946,2029-03-04,81.47,9.24,96.0,2.79,0
P469946,2029-03-05,81.52,10.16,96.0,2.84,0
P469946,2029-03-06,79.42,6.45,89.0,0.74,0
P469946,2029-03-07,76.58,7.95,88.0,-2.1,0
P469946,2029-03-08,77.27,7.79,89.0,-1.41,0
P469946,2029-03-09,76.53,7.45,86.0,-2.15,0
P469946,2029-03-10,79.91,10.5,96.0,1.23,0
P469946,2029-03-11,79.95,8.25,92.0,1.27,0
P469946,2029-03-12,77.36,5.45,85.0,-1.32,0
P469946,2029-03-13,77.89,9.02,90.0,-0.79,0
P469946,2029-03-14,80.89,8.85,95.0,2.21,0
P469946,2029-03-15,78.05,8.88,90.0,-0.63,0
P469946,2029-03-16,77.42,8.61,89.3,-1.26,0
P469946,2029-03-17,76.5,9.63,90.0,-2.18,0
P469946,2029-03-18,78.39,9.03,91.0,-0.29,0
P469946,2029-03-19,82.53,8.19,94.5,3.85,0
P469946,2029-03-20,81.33,5.81,89.0,2.65,2
P469946,2029-03-21,76.08,8.12,88.0,-2.6,0
P469946,2029-03-22,75.12,7.54,86.0,-3.56,0
P469946,2029-03-23,81.05,11.38,98.0,2.37,0
P469946,2029-03-24,80.8,9.21,94.0,2.12,0
P469946,2029-03-25,90.46,7.09,101.0,11.78,1
P469946,2029-03-26,83.62,7.94,96.0,4.94,2
P469946,2029-03-27,76.86,6.74,86.0,-1.82,0
P469946,2029-03-28,74.8,8.54,87.0,-3.88,0
P469946,2029-03-29,79.23,10.42,95.0,0.55,0
P469946,2029-03-30,79.61,7.39,89.0,0.93,0
P469946,2029-03-31,78.37,6.51,87.0,-0.31,1
P469946,2029-04-01,77.61,7.81,89.4,-1.07,0
P469946,2029-04-02,79.85,9.39,92.0,1.17,0
P469946,2029-04-03,78.63,6.11,88.0,-0.05,0
P469946,2029-04-04,78.74,9.35,91.0,0.06,0
P469946,2029-04-05,79.54,6.15,88.8,0.86,0
P469946,2029-04-06,79.87,8.85,92.0,1.19,0
P469946,2029-04-07,80.94,8.19,91.0,2.26,0
P469946,2029-04-08,88.8,11.45,103.0,10.12,0
P469946,2029-04-09,84.45,7.3,96.0,5.77,0
P469946,2029-04-10,78.9,7.18,89.0,0.22,1
P469946,2029-04-11,77.38,7.96,89.5,-1.3,0
P469946,2029-04-12,85.38,5.57,92.0,6.7,0
P469946,2029-04-13,84.49,10.67,101.0,5.81,1
P469946,2029-04-14,79.5,6.78,90.0,0.82,2
P469946,2029-04-15,78.97,6.69,89.0,0.29,2
P469946,2029-04-16,76.58,6.39,87.0,-2.1,0
P469946,2029-04-17,81.44,5.87,90.0,2.76,0
P469946,2029-04-18,83.5,6.33,91.0,4.82,2
P469946,2029-04-19,80.09,4.74,86.8,1.41,2
P469946,2029-04-20,77.05,5.38,85.0,-1.63,1
P469946,2029-04-21,78.01,7.03,87.0,-0.67,0
P469946,2029-04-22,81.33,6.38,89.0,2.65,0
P469946,2029-04-23,83.32,5.29,90.0,4.64,2
P469946,2029-04-24,83.72,4.23,88.0,5.04,2
P469946,2029-04-25,86.12,5.15,93.0,7.44,2
P469946,2029-04-26,87.28,4.28,92.0,8.6,2
P469946,2029-04-27,77.64,4.99,84.0,-1.04,2
P469946,2029-04-28,73.59,6.51,82.0,-5.09,0
P469946,2029-04-29,70.67,5.56,78.0,-8.01,0
P469946,2029-05-02,75.05,8.12,86.0,-3.63,0
P469946,2029-05-03,75.02,8.04,84.0,-3.66,0
P469946,2029-05-04,75.74,8.11,87.0,-2.94,0
P469946,2029-05-05,71.95,7.25,82.0,-6.73,0
P469946,2029-05-06,73.84,7.59,84.0,-4.84,0
P469946,2029-05-07,76.83,8.63,88.0,-1.85,0
P469946,2029-05-08,74.62,7.01,85.0,-4.06,0
P469946,2029-05-09,74.91,7.23,83.0,-3.77,0
P469946,2029-05-10,75.45,7.45,86.0,-3.23,0
P469946,2029-05-11,77.06,10.07,91.0,-1.62,0
P469946,2029-05-12,78.96,7.18,90.0,0.28,0
P469946,2029-05-13,78.22,10.14,92.0,-0.46,0
P469946,2029-05-14,79.44,6.22,87.0,0.76,0
P469946,2029-05-15,77.8,6.22,86.0,-0.88,0
P469946,2029-05-16,77.1,8.44,89.0,-1.58,0
P469946,2029-05-17,77.65,7.36,87.0,-1.03,0
P469946,2029-05-18,78.07,8.28,88.0,-0.61,0
P469946,2029-05-19,79.13,7.56,87.0,0.45,0
P469946,2029-05-20,81.83,10.73,97.0,3.15,1
P469946,2029-05-21,77.9,6.79,87.0,-0.78,0
P469946,2029-05-22,82.15,8.18,93.0,3.47,0
P469946,2029-05-23,75.28,13.19,97.0,-3.4,0
P469946,2029-05-24,80.47,8.12,91.0,1.79,0
P469946,2029-05-25,79.84,9.0,89.0,1.16,2
P469946,2029-05-26,79.87,7.78,91.0,1.19,2
P469946,2029-05-27,77.19,10.31,91.0,-1.49,0
P469946,2029-05-28,85.93,7.28,96.0,7.25,0
P469946,2029-05-29,80.58,9.28,91.0,1.9,2
P469946,2029-05-30,83.23,10.64,99.0,4.55,2
P469946,2029-05-31,80.87,7.99,93.0,2.19,2
P469946,2029-06-01,78.48,13.82,97.0,-0.2,0
P469946,2029-06-02,77.61,7.81,86.0,-1.07,0
P469946,2029-06-03,84.15,5.15,90.0,5.47,1
P469946,2029-06-04,79.49,7.29,88.0,0.81,1
P469946,2029-06-05,80.39,8.82,91.0,1.71,0
P469946,2029-06-06,69.71,5.3,77.0,-8.97,0
P469946,2029-06-07,81.64,6.13,88.0,2.96,0
P469946,2029-06-08,81.76,9.36,95.0,3.08,0
P469946,2029-06-09,86.11,6.45,95.0,7.43,1
P469946,2029-06-10,75.89,7.61,85.0,-2.79,0
P469946,2029-06-11,80.48,7.16,89.0,1.8,0
P469946,2029-06-12,74.91,9.42,88.0,-3.77,0
P469946,2029-06-13,76.25,7.59,86.0,-2.43,0
P469946,2029-06-14,76.15,11.87,94.0,-2.53,0
P469946,2029-06-15,76.11,10.0,87.0,-2.57,0
P469946,2029-06-16,75.71,9.81,87.0,-2.97,0
P469946,2029-06-17,84.33,7.99,95.0,5.65,0
P469946,2029-06-18,73.81,7.92,82.0,-4.87,0
P469946,2029-06-19,75.37,7.79,85.0,-3.31,0
P469946,2029-06-20,70.02,10.06,84.0,-8.66,0
P469946,2029-06-21,75.88,14.29,89.0,-2.8,0
P476443,2027-07-30,74.77,9.43,88.0,-1.5,0
P476443,2027-07-31,75.12,11.2,91.0,-1.15,0
P476443,2027-08-01,74.36,9.47,87.0,-1.91,0
P476443,2027-08-02,77.76,10.78,92.0,1.49,0
P476443,2027-08-03,79.32,11.39,95.0,3.05,0
P476443,2027-08-04,75.54,8.99,87.0,-0.73,0
P476443,2027-08-05,74.38,8.81,86.0,-1.89,0
P476443,2027-08-06,76.09,10.25,90.0,-0.18,0
P476443,2027-08-07,77.03,11.81,94.0,0.76,0
P476443,2027-08-08,78.5,9.17,90.0,2.23,0
P476443,2027-08-09,95.08,13.51,111.7,18.81,1
P476443,2027-08-10,79.92,10.87,96.0,3.65,2
P476443,2027-08-11,76.67,8.44,87.0,0.4,0
P476443,2027-08-12,79.61,9.5,92.0,3.34,0
P476443,2027-08-13,75.97,8.56,87.0,-0.3,0
P476443,2027-08-14,78.32,10.42,93.0,2.05,0
P476443,2027-08-15,76.94,8.63,89.0,0.67,0
P476443,2027-08-16,79.06,9.36,90.0,2.79,0
P476443,2027-08-17,77.53,9.72,90.0,1.26,0
P476443,2027-08-18,76.95,10.15,92.0,0.68,0
P476443,2027-08-19,75.0,8.53,87.0,-1.27,0
P476443,2027-08-20,75.92,9.87,88.0,-0.35,0
P476443,2027-08-21,74.41,8.79,85.0,-1.86,0
P476443,2027-08-22,74.88,9.24,87.0,-1.39,0
P476443,2027-08-23,76.13,9.75,88.0,-0.14,0
P476443,2027-08-24,78.56,10.37,92.0,2.29,0
P476443,2027-08-25,78.35,9.46,92.0,2.08,0
P476443,2027-08-26,81.4,9.97,94.0,5.13,0
P476443,2027-08-27,82.05,13.3,101.0,5.78,2
P476443,2027-08-28,79.43,8.17,90.0,3.16,2
P476443,2027-08-29,78.51,9.3,91.0,2.24,0
P476443,2027-08-30,76.7,7.81,87.0,0.43,0
P476443,2027-08-31,78.22,10.02,91.0,1.95,0
P476443,2027-09-01,78.11,7.66,88.0,1.84,0
P476443,2027-09-02,75.6,8.61,88.0,-0.67,0
P476443,2027-09-03,74.23,9.54,88.0,-2.04,0
P476443,2027-09-04,77.08,8.87,90.0,0.81,0
P476443,2027-09-05,74.56,9.72,89.0,-1.71,0
P476443,2027-09-06,82.38,10.75,96.0,6.11,0
P476443,2027-09-07,79.39,9.35,90.0,3.12,0
P476443,2027-09-08,78.42,9.56,90.3,2.15,0
P476443,2027-09-09,77.92,9.62,93.0,1.65,0
P476443,2027-09-10,82.22,9.78,95.0,5.95,0
P476443,2027-09-11,76.98,11.5,94.2,0.71,0
P476443,2027-09-12,79.45,11.96,95.0,3.18,0
P476443,2027-09-13,77.69,10.47,92.0,1.42,0
P476443,2027-09-14,78.67,10.86,94.0,2.4,0
P476443,2027-09-15,81.6,8.46,92.0,5.33,0
P476443,2027-09-16,76.51,8.94,89.0,0.24,0
P476443,2027-09-17,72.98,8.39,84.5,-3.29,0
P476443,2027-09-18,74.72,10.73,92.0,-1.55,0
P476443,2027-09-19,78.15,11.13,92.0,1.88,0
P476443,2027-09-20,77.58,9.86,90.0,1.31,0
P476443,2027-09-21,78.37,10.53,92.0,2.1,0
P476443,2027-09-22,78.38,9.99,92.0,2.11,0
P476443,2027-09-23,69.63,9.58,76.0,-6.64,0
P476443,2027-09-24,78.69,9.77,90.0,2.42,0
P476443,2027-09-25,78.2,10.68,95.0,1.93,0
P476443,2027-09-26,76.45,11.31,93.0,0.18,0
P476443,2027-09-27,75.55,9.56,89.0,-0.72,0
P476443,2027-09-28,76.0,9.67,88.0,-0.27,0
P476443,2027-09-29,77.41,9.66,90.0,1.14,0
P476443,2027-09-30,85.16,9.36,97.0,8.89,0
P476443,2027-10-01,79.58,11.18,93.0,3.31,0
P476443,2027-10-02,81.03,11.31,95.0,4.76,0
P476443,2027-10-03,71.39,1.34,73.0,-4.88,0
P476443,2027-10-04,84.62,7.1,92.0,8.35,0
P476443,2027-10-05,78.77,9.48,90.0,2.5,0
P476443,2027-10-06,82.3,11.61,99.0,6.03,0
P476443,2027-10-07,85.94,13.74,107.0,9.67,1
P476443,2027-10-08,83.8,17.9,108.0,7.53,2
P476443,2027-10-09,81.98,8.7,93.0,5.71,1
P476443,2027-10-10,78.81,8.43,90.0,2.54,0
P476443,2027-10-11,78.54,9.72,91.0,2.27,0
P476443,2027-10-12,75.87,8.81,88.0,-0.4,0
P476443,2027-10-17,75.94,7.48,85.0,-0.33,0
P476443,2027-10-18,79.27,8.4,89.0,3.0,0
P476443,2027-10-19,81.8,9.72,93.0,5.53,1
P476443,2027-10-20,84.78,10.43,99.0,8.51,2
P476443,2027-10-21,78.67,7.46,88.0,2.4,2
P476443,2027-10-22,82.87,10.48,95.0,6.6,2
P476443,2027-10-23,82.92,10.41,97.0,6.65,2
P476443,2027-10-24,76.58,5.42,84.0,0.31,2
P476443,2027-10-25,85.52,8.83,97.0,9.25,2
P476443,2027-10-26,85.7,9.36,100.0,9.43,2
P476443,2027-10-27,84.13,7.9,94.1,7.86,2
P476443,2027-10-28,85.84,9.81,98.6,9.57,2
P476443,2027-10-29,85.99,11.98,103.0,9.72,2
P476443,2027-10-30,81.34,7.84,91.0,5.07,2
P476443,2027-10-31,80.5,8.24,91.0,4.23,2
P476443,2027-11-01,81.7,8.16,92.0,5.43,2
P476443,2027-11-02,74.01,6.27,80.5,-2.26,2
P476443,2027-11-03,82.13,10.49,96.0,5.86,1
P476443,2027-11-04,81.96,7.77,92.0,5.69,1
P476443,2027-11-05,80.76,8.45,90.2,4.49,2
P476443,2027-11-06,78.97,8.42,88.0,2.7,2
P476514,2024-02-17,85.23,11.4,100.0,-1.66,0
P476514,2024-02-18,82.96,14.27,105.0,-3.93,0
P476514,2024-02-19,85.75,8.92,98.0,-1.14,0
P476514,2024-02-20,87.49,10.49,99.0,0.6,0
P476514,2024-02-23,82.69,10.3,96.0,-4.2,0
P476514,2024-02-24,86.18,13.31,107.0,-0.71,0
P476514,2024-02-25,95.79,10.26,111.0,8.9,0
P476514,2024-02-27,95.13,9.49,108.3,8.24,2
P476514,2024-02-28,109.13,11.56,117.6,22.24,2
P476514,2024-02-29,96.93,9.12,109.0,10.04,2
P476514,2024-03-03,91.33,6.79,98.0,4.44,0
P476514,2024-03-04,93.75,11.12,109.8,6.86,2
P476514,2024-03-05,80.72,10.55,95.0,-6.17,0
P476514,2024-03-06,94.08,9.74,109.0,7.19,0
P476514,2024-03-07,94.16,11.04,107.0,7.27,0
P476514,2024-03-08,79.7,12.21,100.0,-7.19,0
P476514,2024-03-09,83.99,11.71,101.0,-2.9,0
P476514,2024-03-10,92.84,9.95,107.0,5.95,0
P476514,2024-03-11,94.13,10.58,109.0,7.24,2
P476514,2024-03-12,97.47,8.76,110.0,10.58,2
P476514,2024-03-13,91.49,10.57,104.0,4.6,0
P476514,2024-03-14,81.29,11.79,100.0,-5.6,0
P476514,2024-03-15,81.97,14.6,102.0,-4.92,0
P476514,2024-03-16,96.9,11.1,112.0,10.01,0
P476514,2024-03-17,80.54,11.85,97.0,-6.35,0
P476514,2024-03-18,92.57,8.74,104.8,5.68,0
P476514,2024-03-19,88.86,9.55,102.0,1.97,2
P476514,2024-03-24,81.63,9.77,95.0,-5.26,0
P476514,2024-03-25,91.56,8.52,103.0,4.67,0
P476514,2024-03-26,89.62,10.29,104.0,2.73,2
P476514,2024-03-27,97.15,10.45,110.0,10.26,2
P476514,2024-03-28,89.58,9.74,102.0,2.69,0
P476514,2024-03-31,95.99,11.39,112.0,9.1,0
P476514,2024-04-01,86.16,11.81,103.0,-0.73,0
P476514,2024-04-02,92.97,9.93,106.7,6.08,0
P476514,2024-04-10,89.58,10.4,106.0,2.69,0
P476514,2024-04-14,98.42,8.45,110.0,11.53,0
P476514,2024-04-15,95.91,8.53,108.0,9.02,0
P476514,2024-04-16,86.65,10.22,100.0,-0.24,2
P476514,2024-04-17,93.23,8.81,105.0,6.34,2
P476514,2024-04-18,87.58,8.91,100.0,0.69,0
P476514,2024-04-19,96.07,11.0,112.0,9.18,0
P476514,2024-04-20,74.36,6.26,82.0,-12.53,0
P476514,2024-04-23,96.11,10.55,112.0,9.22,0
P476514,2024-04-24,98.3,9.18,111.0,11.41,2
P476514,2024-04-25,90.44,8.17,101.4,3.55,2
P476514,2024-04-26,98.59,12.41,115.0,11.7,2
P476514,2024-04-27,92.31,9.6,108.0,5.42,2
P476514,2024-05-01,81.81,10.39,98.0,-5.08,0
P476514,2024-05-02,84.74,11.28,101.0,-2.15,0
P476514,2024-05-03,89.86,6.6,97.0,2.97,0
P476514,2024-05-04,79.54,9.94,92.0,-7.35,0
P476514,2024-05-10,94.25,9.98,107.0,7.36,0
P476514,2024-05-11,98.01,12.49,117.0,11.12,0
P476514,2024-05-12,89.33,13.07,109.0,2.44,0
P476514,2024-05-13,88.33,9.23,104.0,1.44,0
P476514,2024-05-14,91.23,10.91,107.0,4.34,0
P476514,2024-05-15,90.96,11.16,107.0,4.07,0
P476514,2024-05-16,95.38,9.97,108.0,8.49,0
P476514,2024-05-17,87.52,11.6,106.0,0.63,0
P476514,2024-05-18,84.48,11.15,101.0,-2.41,0
P476514,2024-05-19,102.28,8.65,112.0,15.39,0
P476514,2024-05-20,98.81,8.16,108.0,11.92,0
P476514,2024-05-21,90.37,11.97,107.0,3.48,0
P476514,2024-05-22,95.52,11.47,112.0,8.63,0
P476514,2024-05-23,86.27,10.92,102.0,-0.62,0
P476514,2024-05-24,85.42,12.29,103.0,-1.47,0
P476514,2024-05-25,86.18,6.98,94.5,-0.71,0
P476514,2024-05-26,78.25,9.08,91.0,-8.64,0
P476514,2024-06-08,97.4,12.96,115.0,10.51,0
P476514,2024-06-09,86.82,11.78,104.0,-0.07,0
P476514,2024-06-10,86.48,12.4,104.9,-0.41,0
P476514,2024-06-11,88.09,11.86,104.0,1.2,2
P476514,2024-06-12,78.88,12.77,96.0,-8.01,0
P476514,2024-06-13,81.51,11.11,98.2,-5.38,0
P476514,2024-06-14,86.74,10.54,102.0,-0.15,0
P476514,2024-06-15,94.94,9.32,106.4,8.05,0
P476514,2024-06-16,98.95,5.16,105.5,12.06,0
P476514,2024-06-19,96.18,8.14,107.0,9.29,0
P476514,2024-06-22,82.3,12.38,102.0,-4.59,0
P476514,2024-06-23,82.61,13.26,104.0,-4.28,0
P476514,2024-06-24,98.52,14.06,112.8,11.63,0
P476514,2024-06-25,100.44,7.4,111.0,13.55,2
P476514,2024-06-26,91.22,9.7,104.0,4.33,0
P476514,2024-06-29,77.99,6.51,86.0,-8.9,0
P476514,2024-06-30,89.45,13.4,110.0,2.56,0
P476514,2024-07-01,96.44,8.85,108.0,9.55,0
P476514,2024-07-02,97.9,10.83,111.0,11.01,0
P476514,2024-07-03,96.95,9.92,110.0,10.06,0
P476514,2024-07-05,102.71,7.02,109.2,15.82,0
P476514,2024-07-07,98.45,10.03,112.0,11.56,0
P476514,2024-07-08,101.48,10.88,117.5,14.59,0
P476514,2024-07-09,96.17,8.55,107.0,9.28,2
P476514,2024-07-10,103.04,7.17,112.3,16.15,0
P476514,2024-07-11,98.16,9.88,111.0,11.27,0
P476514,2024-07-12,96.03,11.64,111.0,9.14,0
P476514,2024-07-13,80.52,9.48,89.8,-6.37,0
P476514,2024-07-14,90.71,10.57,105.0,3.82,0
P476514,2024-07-18,98.22,10.13,111.0,11.33,0
P476514,2024-07-23,100.54,10.07,113.0,13.65,0
P476514,2024-07-24,92.48,10.38,106.0,5.59,0
P476514,2024-07-25,88.04,12.25,105.0,1.15,0
P476514,2024-07-26,85.21,10.95,102.0,-1.68,0
P476514,2024-07-28,89.72,7.23,98.0,2.83,0
P476514,2024-07-29,97.8,9.89,111.0,10.91,0
P476514,2024-07-30,93.94,9.81,108.3,7.05,1
P476514,2024-07-31,84.39,8.94,96.0,-2.5,0
P476514,2024-08-01,97.48,8.98,111.0,10.59,0
P476514,2024-08-02,98.21,6.76,107.0,11.32,2
P476514,2024-08-03,91.51,11.43,109.0,4.62,0
P476514,2024-08-04,97.01,13.13,113.0,10.12,0
P476514,2024-08-05,99.27,11.98,114.0,12.38,0
P476514,2024-08-09,89.99,12.5,109.0,3.1,0
P476514,2024-08-10,84.7,11.05,100.0,-2.19,0
P476514,2024-08-11,93.51,7.76,103.4,6.62,0
P476514,2024-08-12,99.09,9.31,112.0,12.2,2
P476514,2024-08-13,89.01,9.91,104.0,2.12,0
P476514,2024-08-14,91.75,11.71,108.0,4.86,0
P476514,2024-08-15,92.81,9.19,106.2,5.92,0
P476514,2024-08-16,105.74,10.2,118.0,18.85,2
P476514,2024-08-17,89.12,11.12,106.0,2.23,0
P476514,2024-08-18,85.56,12.09,102.0,-1.33,0
P500432,2026-03-17,82.6,7.28,92.0,0.92,0
P500432,2026-03-18,81.6,9.59,96.0,-0.08,0
P500432,2026-03-19,81.42,7.97,91.0,-0.26,0
P500432,2026-03-20,81.48,8.53,91.0,-0.2,0
P500432,2026-03-21,88.48,14.03,104.0,6.8,0
P500432,2026-03-22,85.82,10.22,98.0,4.14,0
P500432,2026-03-23,80.4,7.89,89.0,-1.28,1
P500432,2026-03-24,80.14,7.06,88.0,-1.54,0
P500432,2026-03-25,81.62,11.64,95.0,-0.06,0
P500432,2026-03-26,81.74,7.28,92.5,0.06,0
P500432,2026-03-27,79.03,10.07,92.0,-2.65,0
P500432,2026-03-28,77.96,8.13,87.0,-3.72,0
P500432,2026-03-29,82.35,11.79,94.0,0.67,0
P500432,2026-03-30,75.71,8.06,85.2,-5.97,0
P500432,2026-03-31,83.71,10.73,96.0,2.03,0
P500432,2026-04-01,84.17,9.5,95.0,2.49,0
P500432,2026-04-02,80.66,7.48,89.0,-1.02,0
P500432,2026-04-03,81.0,10.7,94.0,-0.68,0
P500432,2026-04-04,84.25,9.8,96.0,2.57,0
P500432,2026-04-05,84.72,11.71,98.0,3.04,0
P500432,2026-04-08,81.7,11.67,95.0,0.02,0
P500432,2026-04-09,81.82,10.32,96.0,0.14,0
P500432,2026-04-10,82.29,10.21,95.0,0.61,0
P500432,2026-04-11,81.35,9.27,93.0,-0.33,0
P500432,2026-04-12,78.61,7.09,88.0,-3.07,0
P500432,2026-04-13,82.89,8.95,92.0,1.21,0
P500432,2026-04-14,82.02,8.65,93.0,0.34,0
P500432,2026-04-15,82.51,9.42,94.0,0.83,0
P500432,2026-04-16,85.09,9.09,98.0,3.41,0
P500432,2026-04-17,84.97,9.77,97.0,3.29,0
P500432,2026-04-18,85.75,10.13,99.5,4.07,0
P500432,2026-04-19,85.83,11.68,101.0,4.15,2
P500432,2026-04-20,81.33,6.28,88.0,-0.35,0
P500432,2026-04-21,79.89,7.75,89.0,-1.79,0
P500432,2026-04-22,76.6,7.13,86.0,-5.08,0
P500432,2026-04-23,76.78,8.05,87.0,-4.9,0
P500432,2026-04-24,76.67,8.94,90.0,-5.01,0
P500432,2026-04-25,71.56,4.47,76.0,-10.12,0
P500432,2026-04-28,79.69,5.98,85.0,-1.99,0
P500432,2026-04-29,90.26,7.68,99.0,8.58,1
P500432,2026-04-30,83.52,9.59,95.0,1.84,0
P500432,2026-05-01,81.23,9.57,93.0,-0.45,0
P500432,2026-05-02,80.01,9.32,91.0,-1.67,0
P500432,2026-05-03,82.12,8.2,93.0,0.44,0
P500432,2026-05-04,80.96,8.92,89.0,-0.72,0
P500432,2026-05-05,81.88,8.32,94.0,0.2,0
P500432,2026-05-06,82.09,8.45,93.0,0.41,0
P500432,2026-05-07,83.95,9.86,97.0,2.27,0
P500432,2026-05-08,82.51,8.54,92.0,0.83,0
P500432,2026-05-09,84.1,9.17,97.0,2.42,0
P500432,2026-05-10,85.03,9.35,97.0,3.35,0
P500432,2026-05-11,79.81,11.44,90.0,-1.87,0
P500432,2026-05-12,78.76,6.46,87.0,-2.92,0
P500432,2026-05-13,82.2,9.62,90.0,0.52,0
P500432,2026-05-14,82.39,7.91,93.0,0.71,0
P500432,2026-05-15,82.91,9.8,96.0,1.23,0
P500432,2026-05-16,88.49,13.11,108.0,6.81,0
P500432,2026-05-17,79.6,8.79,87.0,-2.08,0
P500432,2026-05-18,79.17,10.61,88.0,-2.51,0
P500432,2026-05-19,77.88,5.19,84.0,-3.8,0
P500432,2026-05-20,79.65,9.48,89.0,-2.03,0
P500432,2026-05-21,79.78,8.46,89.0,-1.9,0
P500432,2026-05-22,79.05,9.14,92.0,-2.63,0
P500432,2026-05-23,79.68,9.61,91.6,-2.0,0
P500432,2026-05-24,80.06,13.23,98.0,-1.62,0
P500432,2026-05-25,76.98,8.3,88.0,-4.7,0
P500432,2026-05-26,79.22,4.26,83.0,-2.46,0
P500432,2026-05-27,82.2,9.36,94.0,0.52,0
P500432,2026-05-28,80.01,8.62,90.0,-1.67,0
P500432,2026-05-29,79.07,9.61,91.0,-2.61,0
P500432,2026-05-30,79.67,9.43,89.0,-2.01,0
P500432,2026-05-31,79.12,10.16,88.0,-2.56,0
P500432,2026-06-01,78.79,14.43,98.0,-2.89,0
P500432,2026-06-04,82.59,7.63,93.0,0.91,0
P500432,2026-06-05,81.68,12.38,97.0,-0.0,0
P500432,2026-06-06,81.89,8.62,94.0,0.21,0
P500432,2026-06-07,80.9,10.89,95.0,-0.78,0
P500432,2026-06-08,77.59,6.93,87.0,-4.09,0
P500432,2026-06-09,79.07,10.84,95.0,-2.61,0
P500432,2026-06-10,80.62,7.29,90.0,-1.06,0
P500432,2026-06-11,79.33,11.28,90.0,-2.35,0
P500432,2026-06-12,84.97,11.75,104.0,3.29,0
P500432,2026-06-13,79.83,8.96,91.0,-1.85,0
P500432,2026-06-14,82.26,11.29,97.0,0.58,0
P500432,2026-06-15,79.67,10.24,93.0,-2.01,0
P500432,2026-06-18,82.32,7.28,92.6,0.64,0
P500432,2026-06-19,80.0,7.78,89.0,-1.68,0
P500432,2026-06-20,79.13,8.25,89.0,-2.55,0
P500432,2026-06-21,84.37,11.87,100.0,2.69,0
P500432,2026-06-22,78.92,7.65,87.0,-2.76,0
P500432,2026-06-23,79.82,6.29,87.0,-1.86,0
P500432,2026-06-24,79.14,7.57,88.0,-2.54,0
P500432,2026-06-25,80.03,7.02,89.0,-1.65,0
P500432,2026-06-26,80.52,8.96,92.0,-1.16,0
P500432,2026-06-27,80.76,7.53,90.0,-0.92,0
P500432,2026-06-28,80.33,8.95,88.0,-1.35,0
P500432,2026-06-29,89.9,9.43,101.0,8.22,0
P500432,2026-06-30,76.56,4.45,81.0,-5.12,0
P500432,2026-07-01,82.44,11.54,97.0,0.76,0
P500432,2026-07-02,82.4,12.43,94.0,0.72,0
P500432,2026-07-03,80.88,9.17,89.0,-0.8,0
P500432,2026-07-04,83.95,9.83,98.0,2.27,0
P500432,2026-07-05,79.28,8.81,90.0,-2.4,0
P500432,2026-07-06,78.54,8.16,89.0,-3.14,0
P500432,2026-07-07,74.65,5.03,80.0,-7.03,0
P500432,2026-07-08,87.95,8.86,100.0,6.27,0
P500432,2026-07-09,81.87,9.92,94.0,0.19,0
P500432,2026-07-10,82.22,9.47,94.0,0.54,0
P500432,2026-07-11,79.77,9.5,94.0,-1.91,0
P500432,2026-07-12,78.41,8.8,91.0,-3.27,0
P500432,2026-07-13,74.31,5.63,81.0,-7.37,0
P500432,2026-07-14,77.14,11.34,91.0,-4.54,0
P500432,2026-07-15,79.44,10.45,90.0,-2.24,0
P500432,2026-07-16,80.74,10.41,91.4,-0.94,0
P500432,2026-07-17,82.78,12.21,94.7,1.1,0
P500432,2026-07-18,80.64,11.94,92.3,-1.04,0
P500432,2026-07-19,79.44,10.41,91.0,-2.24,0
P500432,2026-07-20,77.4,8.02,88.0,-4.28,0
P500432,2026-07-21,83.84,7.61,92.0,2.16,0
P500432,2026-07-22,86.24,12.15,106.0,4.56,0
P500432,2026-07-23,81.68,7.19,91.0,-0.0,0
P500432,2026-07-24,90.03,9.03,101.0,8.35,0
P500432,2026-07-25,89.71,8.82,98.0,8.03,2
P500432,2026-07-26,87.29,8.92,98.0,5.61,2
P500432,2026-07-27,81.78,7.45,90.0,0.1,0
P500432,2026-07-28,80.91,9.76,92.0,-0.77,0
P500432,2026-07-29,77.17,8.12,86.0,-4.51,0
P500432,2026-07-30,78.29,9.65,91.0,-3.39,0
P500432,2026-07-31,80.78,9.68,95.0,-0.9,0
P500432,2026-08-01,80.12,9.75,93.0,-1.56,0
P500432,2026-08-02,83.68,9.97,98.0,2.0,0
P500432,2026-08-03,85.37,12.31,98.0,3.69,0
P500432,2026-08-04,78.99,7.25,88.0,-2.69,0
P500432,2026-08-05,83.54,11.53,100.0,1.86,0
P500432,2026-08-06,82.79,9.49,96.0,1.11,0
P500432,2026-08-07,84.07,10.47,98.0,2.39,0
P500432,2026-08-08,81.66,9.89,94.0,-0.02,0
P500432,2026-08-09,81.15,9.58,92.0,-0.53,0
P500432,2026-08-10,81.51,10.79,95.0,-0.17,0
P500432,2026-08-11,82.99,7.58,93.0,1.31,0
P500432,2026-08-12,84.8,9.59,98.0,3.12,0
P500432,2026-08-13,80.95,10.54,94.0,-0.73,0
P500432,2026-08-14,82.36,9.07,94.0,0.68,0
P500432,2026-08-15,78.82,8.95,89.0,-2.86,0
P500432,2026-08-16,74.41,3.79,78.0,-7.27,0
P500432,2026-08-17,76.42,8.44,89.0,-5.26,0
P500432,2026-08-18,77.74,6.87,87.0,-3.94,0
P500432,2026-08-19,80.53,9.45,93.0,-1.15,0
P500432,2026-08-20,80.27,9.79,92.0,-1.41,0
P500432,2026-08-21,79.86,8.4,90.0,-1.82,0
P500432,2026-08-22,78.23,7.74,88.0,-3.45,0
P500432,2026-08-23,80.51,8.7,91.0,-1.17,0
P500432,2026-08-24,75.11,6.34,82.0,-6.57,0
P500432,2026-08-27,81.07,8.9,93.0,-0.61,0
P500432,2026-08-28,79.65,11.05,90.0,-2.03,0
P500432,2026-08-29,79.09,7.5,87.8,-2.59,0
P500432,2026-08-30,79.86,8.32,89.0,-1.82,0
P500432,2026-08-31,85.09,8.13,94.0,3.41,0
P500432,2026-09-01,81.44,8.3,89.0,-0.24,0
P500432,2026-09-02,88.02,9.05,101.0,6.34,1
P500432,2026-09-03,77.79,3.77,80.0,-3.89,2
P500432,2026-09-04,82.22,6.66,90.0,0.54,2
P500432,2026-09-05,83.96,12.01,97.0,2.28,2
P500432,2026-09-06,81.63,6.34,88.0,-0.05,2
P500432,2026-09-07,83.93,8.45,93.0,2.25,1
P500432,2026-09-08,86.72,14.54,99.0,5.04,0
P500432,2026-09-09,86.64,8.45,97.0,4.96,0
P500432,2026-09-10,82.88,7.7,94.0,1.2,1
P500432,2026-09-11,81.47,7.01,90.0,-0.21,0
P500432,2026-09-12,79.89,8.1,92.0,-1.79,0
P500432,2026-09-13,81.14,7.19,90.8,-0.54,0
P500432,2026-09-14,72.84,5.06,78.0,-8.84,0
P500432,2026-09-15,84.88,3.61,89.0,3.2,0
P500432,2026-09-16,83.42,8.47,94.0,1.74,0
P500432,2026-09-17,80.95,8.12,88.0,-0.73,2
P500432,2026-09-18,73.8,7.07,81.0,-7.88,0
P500432,2026-09-19,74.86,8.67,86.0,-6.82,0
P500432,2026-09-22,77.07,7.98,86.0,-4.61,0
P500432,2026-09-23,79.32,6.01,85.0,-2.36,0
P500432,2026-09-25,79.82,8.72,90.0,-1.86,0
P500432,2026-09-26,76.95,6.19,84.0,-4.73,0
P500432,2026-09-27,78.21,7.17,86.0,-3.47,0
P500432,2026-09-28,75.65,6.08,82.0,-6.03,0
P500432,2026-10-13,79.53,7.98,90.0,-2.15,0
P500432,2026-10-14,79.38,7.48,87.0,-2.3,0
P500432,2026-10-15,81.55,8.97,94.0,-0.13,0
P500432,2026-10-16,79.33,8.32,91.0,-2.35,0
P500432,2026-10-17,80.22,8.0,90.7,-1.46,0
P500432,2026-10-18,77.74,7.68,86.0,-3.94,0
P500432,2026-10-19,72.22,4.09,75.0,-9.46,0
P500432,2026-10-20,83.34,10.87,97.0,1.66,0
P530788,2024-12-03,73.4,13.38,94.4,-2.56,0
P530788,2024-12-04,84.38,12.4,102.0,8.42,0
P530788,2024-12-05,74.9,14.67,99.0,-1.06,0
P530788,2024-12-06,70.63,14.58,95.0,-5.33,0
P530788,2024-12-07,76.51,10.94,95.0,0.55,0
P530788,2024-12-08,72.6,11.03,89.3,-3.36,0
P530788,2024-12-09,70.23,12.83,91.0,-5.73,0
P530788,2024-12-10,70.02,14.16,92.0,-5.94,0
P530788,2024-12-11,73.96,11.1,92.0,-2.0,0
P530788,2024-12-12,67.27,9.48,82.0,-8.69,0
P530788,2024-12-13,77.15,8.69,88.9,1.19,0
P530788,2024-12-14,77.78,12.68,97.0,1.82,0
P530788,2024-12-15,74.37,10.94,91.0,-1.59,0
P530788,2024-12-16,72.38,13.89,96.0,-3.58,0
P530788,2024-12-17,69.75,13.09,90.2,-6.21,0
P530788,2024-12-18,73.55,11.02,90.0,-2.41,0
P530788,2024-12-19,70.27,9.17,85.0,-5.69,0
P530788,2024-12-20,71.38,11.19,89.0,-4.58,0
P530788,2024-12-21,74.23,12.08,93.0,-1.73,0
P530788,2024-12-22,77.31,9.28,91.0,1.35,0
P530788,2024-12-23,69.45,9.68,82.0,-6.51,0
P530788,2024-12-24,68.13,12.17,87.0,-7.83,0
P530788,2024-12-25,79.69,19.17,109.0,3.73,0
P530788,2024-12-26,68.81,8.74,81.0,-7.15,0
P530788,2024-12-27,71.48,11.49,86.0,-4.48,0
P530788,2024-12-28,73.48,10.53,91.0,-2.48,0
P530788,2024-12-29,73.79,10.23,89.0,-2.17,0
P530788,2024-12-30,73.82,9.29,87.0,-2.14,0
P530788,2024-12-31,71.44,10.0,88.0,-4.52,0
P530788,2025-01-01,78.2,11.12,98.0,2.24,0
P530788,2025-01-02,70.68,11.26,87.0,-5.28,0
P530788,2025-01-03,75.15,9.34,89.6,-0.81,0
P530788,2025-01-04,73.97,13.06,94.0,-1.99,0
P530788,2025-01-05,76.52,10.28,93.0,0.56,2
P530788,2025-01-06,76.08,11.36,94.0,0.12,0
P530788,2025-01-07,75.79,12.02,93.0,-0.17,0
P530788,2025-01-08,76.25,12.77,97.0,0.29,0
P530788,2025-01-09,80.63,14.84,107.0,4.67,0
P530788,2025-01-10,74.24,12.16,95.0,-1.72,0
P530788,2025-01-11,79.44,10.41,96.0,3.48,0
P530788,2025-01-12,74.81,12.22,93.0,-1.15,2
P530788,2025-01-13,73.49,12.16,93.0,-2.47,1
P530788,2025-01-14,75.39,10.04,88.0,-0.57,0
P530788,2025-01-15,78.31,11.68,98.0,2.35,0
P530788,2025-01-16,71.23,10.29,83.0,-4.73,0
P530788,2025-01-17,76.06,9.75,90.0,0.1,0
P530788,2025-01-18,75.17,9.67,90.0,-0.79,0
P530788,2025-01-19,73.83,8.43,86.0,-2.13,0
P530788,2025-01-20,71.57,11.59,91.0,-4.39,0
P530788,2025-01-21,79.48,10.91,96.0,3.52,2
P530788,2025-01-22,73.32,10.06,88.0,-2.64,0
P530788,2025-01-23,75.15,14.85,98.0,-0.81,0
P530788,2025-01-24,76.94,10.07,90.0,0.98,0
P530788,2025-01-25,74.0,10.76,90.0,-1.96,0
P530788,2025-01-26,79.19,10.74,96.0,3.23,0
P530788,2025-01-27,70.7,10.08,86.0,-5.26,0
P530788,2025-01-28,73.06,10.51,88.0,-2.9,0
P530788,2025-01-29,73.73,12.49,92.2,-2.23,2
P530788,2025-01-30,67.91,7.78,78.0,-8.05,0
P530788,2025-01-31,74.51,6.89,84.0,-1.45,0
P530788,2025-02-01,76.55,9.0,90.0,0.59,0
P530788,2025-02-02,71.54,10.06,85.0,-4.42,0
P530788,2025-02-03,74.31,10.17,91.0,-1.65,0
P530788,2025-02-04,72.69,10.58,88.0,-3.27,0
P530788,2025-02-05,71.2,10.27,86.0,-4.76,0
P530788,2025-02-06,71.94,8.44,84.0,-4.02,0
P530788,2025-02-07,73.15,9.62,85.0,-2.81,0
P530788,2025-02-08,78.0,12.41,96.0,2.04,0
P530788,2025-02-09,74.37,9.49,87.0,-1.59,1
P530788,2025-02-10,74.27,11.1,92.0,-1.69,1
P530788,2025-02-11,75.04,11.0,93.0,-0.92,2
P530788,2025-02-12,76.51,12.76,99.0,0.55,2
P530788,2025-02-13,73.97,11.66,93.0,-1.99,0
P530788,2025-02-14,70.46,10.2,83.0,-5.5,0
P530788,2025-02-15,73.67,12.3,96.0,-2.29,0
P530788,2025-02-16,75.59,8.55,88.0,-0.37,1
P530788,2025-02-17,73.59,12.73,95.0,-2.37,1
P530788,2025-02-18,69.81,9.97,83.0,-6.15,0
P530788,2025-02-19,78.32,10.16,94.0,2.36,0
P530788,2025-02-20,70.26,8.11,82.1,-5.7,0
P530788,2025-02-21,79.83,10.91,93.0,3.87,0
P530788,2025-02-22,75.89,8.16,87.0,-0.07,0
P530788,2025-02-23,72.9,9.51,86.0,-3.06,0
P530788,2025-02-24,76.26,12.81,96.0,0.3,0
P530788,2025-02-25,84.59,9.98,100.0,8.63,0
P530788,2025-02-26,84.04,8.39,95.0,8.08,2
P530788,2025-02-27,76.66,10.92,93.0,0.7,0
P530788,2025-02-28,63.15,8.98,76.0,-12.81,0
P530788,2025-03-01,71.15,10.74,87.0,-4.81,0
P530788,2025-03-02,70.03,10.45,84.0,-5.93,0
P530788,2025-03-03,73.24,10.27,89.0,-2.72,0
P530788,2025-03-04,70.03,11.58,88.0,-5.93,2
P530788,2025-03-05,68.98,9.75,81.0,-6.98,0
P530788,2025-03-06,68.94,12.51,89.0,-7.02,0
P530788,2025-03-07,75.54,13.15,93.0,-0.42,0
P530788,2025-03-08,74.14,10.33,89.8,-1.82,0
P530788,2025-03-09,72.79,11.0,90.0,-3.17,0
P530788,2025-03-10,72.11,10.75,87.0,-3.85,0
P530788,2025-03-11,69.08,9.43,82.0,-6.88,0
P530788,2025-03-12,68.6,9.19,81.2,-7.36,0
P530788,2025-03-13,77.11,13.4,97.0,1.15,0
P530788,2025-03-14,70.97,8.96,82.0,-4.99,0
P530788,2025-03-15,70.1,8.62,80.0,-5.86,0
P530788,2025-03-16,72.64,9.36,86.0,-3.32,0
P530788,2025-03-17,70.74,9.35,84.0,-5.22,0
P530788,2025-03-18,68.57,10.87,85.0,-7.39,0
P530788,2025-03-19,70.79,10.56,86.0,-5.17,0
P530788,2025-03-20,77.5,8.74,91.0,1.54,0
P530788,2025-03-21,72.99,10.63,88.0,-2.97,0
P530788,2025-03-22,74.98,10.35,90.0,-0.98,0
P530788,2025-03-23,74.86,10.56,92.0,-1.1,2
P530788,2025-03-24,77.21,9.43,91.0,1.25,0
P530788,2025-03-25,77.02,10.56,93.0,1.06,0
P530788,2025-03-26,84.07,10.98,99.0,8.11,0
P530788,2025-03-27,79.16,9.7,92.0,3.2,0
P530788,2025-03-28,73.85,10.53,88.0,-2.11,0
P530788,2025-03-29,72.8,11.61,90.9,-3.16,0
P530788,2025-03-30,72.2,9.82,87.0,-3.76,0
P530788,2025-03-31,71.09,8.73,82.0,-4.87,0
P530788,2025-04-01,73.28,9.85,87.0,-2.68,0
P530788,2025-04-02,72.67,9.01,85.0,-3.29,0
P530788,2025-04-03,72.62,9.44,83.4,-3.34,0
P530788,2025-04-04,73.2,9.2,87.0,-2.76,0
P530788,2025-04-05,74.09,9.68,89.0,-1.87,0
P530788,2025-04-06,72.28,11.01,88.0,-3.68,1
P530788,2025-04-07,71.2,10.65,86.0,-4.76,0
P530788,2025-04-08,77.37,10.62,91.0,1.41,0
P530788,2025-04-09,72.92,10.81,88.0,-3.04,0
P530788,2025-04-10,75.22,10.94,89.0,-0.74,0
P530788,2025-04-11,74.22,9.68,87.9,-1.74,2
P530788,2025-04-12,77.04,11.11,94.0,1.08,0
P530788,2025-04-13,70.72,10.9,88.0,-5.24,0
P530788,2025-04-14,73.22,9.47,87.0,-2.74,0
P530788,2025-04-15,76.2,10.17,89.0,0.24,0
P530788,2025-04-16,77.03,10.2,90.0,1.07,0
P530788,2025-04-17,74.22,8.92,88.0,-1.74,0
P530788,2025-04-18,72.68,11.35,88.0,-3.28,0
P530788,2025-04-19,74.99,11.0,89.0,-0.97,2
P530788,2025-04-20,70.07,6.69,79.0,-5.89,0
P530788,2025-04-21,84.31,13.12,102.0,8.35,0
P530788,2025-04-22,78.24,9.29,92.0,2.28,2
P530788,2025-04-23,78.44,9.9,93.0,2.48,2
P530788,2025-04-24,74.4,10.76,91.0,-1.56,2
P530788,2025-04-25,74.03,8.67,85.0,-1.93,0
P530788,2025-04-26,75.48,8.94,89.0,-0.48,0
P530788,2025-04-27,75.44,9.42,90.0,-0.52,0
P530788,2025-04-28,72.31,10.04,88.0,-3.65,0
P530788,2025-04-29,82.76,7.98,92.0,6.8,0
P530788,2025-04-30,74.77,8.9,87.0,-1.19,0
P530788,2025-05-01,78.58,10.33,91.0,2.62,0
P530788,2025-05-02,75.43,9.92,88.2,-0.53,0
P530788,2025-05-03,78.47,12.21,100.0,2.51,0
P530788,2025-05-04,72.02,10.25,88.0,-3.94,0
P530788,2025-05-05,71.6,11.18,88.0,-4.36,0
P530788,2025-05-06,76.04,10.44,92.0,0.08,0
P530788,2025-05-07,71.04,10.09,85.0,-4.92,1
P530788,2025-05-08,69.99,10.3,85.0,-5.97,0
P530788,2025-05-09,74.38,9.45,87.0,-1.58,0
P530788,2025-05-10,75.5,12.11,95.0,-0.46,1
P530788,2025-05-11,76.36,10.92,94.0,0.4,0
P530788,2025-05-12,70.6,9.69,85.0,-5.36,0
P530788,2025-05-13,75.62,11.5,93.0,-0.34,0
P530788,2025-05-14,75.69,10.05,89.0,-0.27,2
P530788,2025-05-15,73.37,8.5,86.0,-2.59,0
P530788,2025-05-16,73.69,10.73,89.0,-2.27,0
P530788,2025-05-17,78.38,9.99,95.0,2.42,2
P530788,2025-05-18,72.91,7.36,84.0,-3.05,0
P530788,2025-05-19,72.63,9.25,86.0,-3.33,0
P530788,2025-05-20,77.17,10.77,93.0,1.21,0
P530788,2025-05-21,74.94,9.75,89.0,-1.02,2
P530788,2025-05-22,74.95,9.04,88.0,-1.01,2
P530788,2025-05-23,75.92,10.43,92.0,-0.04,0
P530788,2025-05-24,73.91,10.45,90.0,-2.05,0
P530788,2025-05-25,74.36,12.11,90.0,-1.6,0
P530788,2025-05-26,80.5,10.35,93.0,4.54,0
P530788,2025-05-27,75.3,8.99,88.5,-0.66,0
P530788,2025-05-28,76.15,6.79,85.0,0.19,0
P530788,2025-05-29,73.32,9.3,86.8,-2.64,0
P530788,2025-05-30,72.38,7.28,83.0,-3.58,0
P530788,2025-05-31,74.06,10.41,88.0,-1.9,0
P530788,2025-06-01,71.57,8.43,83.0,-4.39,0
P530788,2025-06-02,74.28,14.08,95.3,-1.68,0
P530788,2025-06-03,78.99,11.14,96.0,3.03,0
P530788,2025-06-04,74.09,9.91,88.0,-1.87,2
P530788,2025-06-05,78.73,7.84,89.0,2.77,2
P530788,2025-06-06,74.37,12.93,92.0,-1.59,2
P530788,2025-06-07,70.81,9.5,84.0,-5.15,1
P530788,2025-06-08,71.65,9.27,84.0,-4.31,0
P530788,2025-06-09,71.02,8.58,84.0,-4.94,0
P530788,2025-06-10,73.36,9.23,85.0,-2.6,0
P530788,2025-06-11,72.19,10.7,87.0,-3.77,2
P530788,2025-06-12,73.71,10.72,89.0,-2.25,2
P530788,2025-06-13,75.33,8.39,86.0,-0.63,2
P530788,2025-06-14,72.3,8.81,84.0,-3.66,2
P530788,2025-06-15,70.35,8.7,83.0,-5.61,0
P530788,2025-06-16,71.12,10.57,84.0,-4.84,0
P530788,2025-06-17,84.14,8.4,96.0,8.18,0
P530788,2025-06-18,77.65,10.56,93.0,1.69,2
P530788,2025-06-19,83.82,8.41,96.0,7.86,2
P530788,2025-06-20,74.74,9.03,87.0,-1.22,2
P530788,2025-06-21,76.31,10.81,92.0,0.35,2
P530788,2025-06-22,69.83,9.14,83.0,-6.13,0
P530788,2025-06-23,78.57,13.29,99.0,2.61,0
P530788,2025-06-24,78.74,8.26,91.0,2.78,0
P530788,2025-06-25,74.17,9.7,88.0,-1.79,2
P530788,2025-06-26,82.38,8.57,94.0,6.42,2
P530788,2025-06-27,79.0,8.58,93.0,3.04,2
P530788,2025-06-28,78.17,7.77,89.0,2.21,0
P530788,2025-06-29,74.79,5.92,82.0,-1.17,0
P530788,2025-06-30,71.5,6.31,79.0,-4.46,0
P530788,2025-07-01,72.3,9.94,88.0,-3.66,0
P530788,2025-07-02,73.05,7.13,82.0,-2.91,0
P530788,2025-07-03,70.98,9.13,82.0,-4.98,0
P530788,2025-07-04,73.19,8.58,85.0,-2.77,0
P530788,2025-07-05,69.3,9.81,84.0,-6.66,0
P530788,2025-07-06,67.72,8.67,77.0,-8.24,0
P530788,2025-07-07,65.35,12.74,86.0,-10.61,0
P530788,2025-07-08,68.95,11.34,83.0,-7.01,0
P530788,2025-07-09,74.09,9.49,87.0,-1.87,0
P530788,2025-07-10,70.97,9.83,85.0,-4.99,0
P530788,2025-07-11,75.51,10.91,92.0,-0.45,0
P530788,2025-07-12,72.83,10.76,86.0,-3.13,0
P530788,2025-07-13,68.67,10.8,84.0,-7.29,0
P530788,2025-07-14,69.65,13.38,87.0,-6.31,0
P530788,2025-07-15,76.63,10.34,93.0,0.67,0
P530788,2025-07-16,75.44,12.31,95.0,-0.52,2
P530788,2025-07-17,78.57,9.86,95.0,2.61,2
P530788,2025-07-20,76.91,8.63,89.0,0.95,0
P530788,2025-07-21,82.42,10.17,95.0,6.46,0
P530788,2025-07-22,79.98,12.44,98.0,4.02,0
P530788,2025-07-23,85.53,11.61,100.0,9.57,2
P530788,2025-07-24,78.88,10.15,93.0,2.92,2
P530788,2025-07-25,78.53,11.15,96.0,2.57,2
P530788,2025-07-26,77.51,9.58,90.0,1.55,2
P530788,2025-07-27,79.89,10.95,97.0,3.93,2
P530788,2025-07-28,76.75,10.71,92.0,0.79,0
P530788,2025-07-29,77.95,9.77,93.7,1.99,0
P530788,2025-07-30,80.0,11.07,94.0,4.04,2
P530788,2025-07-31,77.39,11.94,94.7,1.43,2
P530788,2025-08-01,77.76,12.43,97.0,1.8,2
P530788,2025-08-02,72.33,12.5,92.0,-3.63,2
P530788,2025-08-03,76.59,12.8,94.0,0.63,0
P530788,2025-08-04,76.96,9.37,91.0,1.0,0
P530788,2025-08-05,81.58,12.92,102.0,5.62,0
P543995,2023-12-18,64.59,12.95,80.0,-3.82,0
P543995,2023-12-19,70.36,16.03,97.0,1.95,0
P543995,2023-12-20,65.38,13.91,87.0,-3.03,0
P543995,2023-12-21,67.55,17.03,97.0,-0.86,0
P543995,2023-12-22,66.19,15.5,90.0,-2.22,0
P543995,2023-12-23,63.85,12.93,78.0,-4.56,0
P543995,2023-12-24,68.59,14.9,91.7,0.18,0
P543995,2023-12-25,66.61,12.79,80.0,-1.8,0
P543995,2023-12-26,67.53,10.51,83.0,-0.88,0
P543995,2023-12-27,67.26,11.4,82.0,-1.15,1
P543995,2023-12-28,62.28,11.55,75.0,-6.13,0
P543995,2023-12-29,68.09,15.87,95.0,-0.32,0
P543995,2023-12-30,67.69,13.3,85.0,-0.72,0
P543995,2023-12-31,62.84,10.44,74.0,-5.57,0
P543995,2024-01-01,66.84,12.86,86.0,-1.57,0
P543995,2024-01-02,64.31,11.91,82.0,-4.1,0
P543995,2024-01-03,62.81,11.49,77.0,-5.6,0
P543995,2024-01-04,62.86,12.5,79.0,-5.55,0
P543995,2024-01-05,61.53,10.4,76.0,-6.88,0
P543995,2024-01-06,64.15,12.53,78.0,-4.26,0
P543995,2024-01-07,63.06,11.38,76.0,-5.35,0
P543995,2024-01-08,64.36,12.97,80.0,-4.05,0
P543995,2024-01-09,61.62,10.99,76.0,-6.79,0
P543995,2024-01-10,60.01,9.44,73.0,-8.4,0
P543995,2024-01-11,67.33,14.74,93.0,-1.08,0
P543995,2024-01-12,62.86,12.27,80.0,-5.55,0
P543995,2024-01-13,63.02,13.08,80.0,-5.39,0
P543995,2024-01-14,66.81,12.64,85.2,-1.6,0
P543995,2024-01-15,62.6,8.21,73.0,-5.81,0
P543995,2024-01-16,62.61,10.01,76.0,-5.8,0
P543995,2024-01-17,64.02,11.07,77.0,-4.39,0
P543995,2024-01-18,62.8,10.84,75.0,-5.61,0
P543995,2024-01-19,67.19,10.79,80.0,-1.22,0
P543995,2024-01-20,64.72,11.79,79.0,-3.69,0
P543995,2024-01-21,62.91,10.38,77.0,-5.5,0
P543995,2024-01-22,61.05,9.13,72.0,-7.36,0
P543995,2024-01-23,60.36,8.55,71.0,-8.05,0
P543995,2024-01-24,61.99,10.89,74.0,-6.42,0
P543995,2024-01-25,61.0,12.34,80.0,-7.41,0
P543995,2024-01-26,59.45,10.92,73.0,-8.96,0
P543995,2024-01-27,61.37,12.01,81.0,-7.04,0
P543995,2024-01-28,61.3,11.55,77.0,-7.11,0
P543995,2024-01-29,60.02,10.18,73.0,-8.39,0
P543995,2024-01-30,60.39,11.45,77.0,-8.02,0
P543995,2024-01-31,61.54,12.57,80.0,-6.87,0
P543995,2024-02-01,59.98,11.78,78.0,-8.43,0
P543995,2024-02-02,63.32,11.72,80.0,-5.09,0
P543995,2024-02-03,63.53,14.17,86.0,-4.88,0
P543995,2024-02-04,59.68,12.51,76.0,-8.73,0
P543995,2024-02-05,64.22,14.34,85.0,-4.19,0
P543995,2024-02-06,60.83,11.49,78.0,-7.58,0
P543995,2024-02-07,62.53,11.49,79.0,-5.88,0
P543995,2024-02-08,63.23,13.98,86.0,-5.18,0
P543995,2024-02-09,59.11,12.68,76.0,-9.3,0
P543995,2024-02-10,59.06,10.43,72.0,-9.35,0
P543995,2024-02-11,60.98,12.76,78.0,-7.43,0
P543995,2024-02-12,60.92,12.03,76.0,-7.49,0
P543995,2024-02-13,66.4,12.91,83.0,-2.01,0
P543995,2024-02-14,63.59,8.01,73.0,-4.82,0
P543995,2024-02-15,63.54,11.24,79.0,-4.87,0
P543995,2024-02-16,60.95,12.1,75.0,-7.46,0
P543995,2024-02-17,57.91,11.58,70.0,-10.5,0
P543995,2024-02-18,60.48,11.95,76.0,-7.93,0
P543995,2024-02-19,60.42,12.44,77.5,-7.99,0
P543995,2024-02-20,63.33,12.18,81.0,-5.08,0
P543995,2024-02-21,61.52,11.72,76.3,-6.89,0
P543995,2024-02-22,64.44,15.24,88.0,-3.97,0
P543995,2024-02-23,62.99,12.77,82.0,-5.42,0
P543995,2024-02-24,62.58,12.66,76.0,-5.83,0
P543995,2024-02-25,63.44,13.88,83.8,-4.97,0
P543995,2024-02-26,62.33,12.01,76.0,-6.08,0
P543995,2024-02-27,63.93,14.33,87.0,-4.48,0
P543995,2024-02-28,61.8,11.04,77.0,-6.61,0
P543995,2024-02-29,64.81,14.44,90.0,-3.6,0
P543995,2024-03-01,61.17,11.87,79.5,-7.24,0
P543995,2024-03-02,63.69,13.04,84.0,-4.72,0
P543995,2024-03-03,62.66,11.99,78.0,-5.75,0
P543995,2024-03-04,65.01,12.15,82.0,-3.4,0
P543995,2024-03-05,63.78,11.76,81.0,-4.63,0
P543995,2024-03-06,63.46,11.34,77.0,-4.95,0
P543995,2024-03-07,63.92,12.28,84.0,-4.49,0
P543995,2024-03-08,67.39,14.65,89.1,-1.02,0
P543995,2024-03-09,66.06,13.49,86.0,-2.35,0
P543995,2024-03-10,64.33,13.7,86.0,-4.08,0
P543995,2024-03-11,63.08,13.42,81.0,-5.33,0
P543995,2024-03-12,64.01,15.1,89.0,-4.4,0
P543995,2024-03-13,60.75,10.9,74.0,-7.66,0
P543995,2024-03-14,62.14,13.26,80.0,-6.27,0
P543995,2024-03-15,65.05,13.15,88.0,-3.36,0
P543995,2024-03-16,61.82,12.96,75.0,-6.59,0
P543995,2024-03-17,62.9,12.16,77.0,-5.51,0
P543995,2024-03-18,61.53,11.06,78.0,-6.88,0
P543995,2024-03-19,61.19,11.88,77.0,-7.22,0
P543995,2024-03-20,65.13,11.68,80.0,-3.28,0
P543995,2024-03-21,67.42,14.85,92.0,-0.99,0
P543995,2024-03-22,60.32,10.83,73.0,-8.09,0
P543995,2024-03-23,66.4,12.49,81.0,-2.01,0
P543995,2024-03-24,65.67,14.12,88.0,-2.74,0
P543995,2024-03-25,63.26,10.71,78.0,-5.15,0
P543995,2024-03-26,63.34,14.14,88.0,-5.07,0
P543995,2024-03-27,67.66,13.71,89.0,-0.75,0
P543995,2024-03-28,64.66,11.62,81.0,-3.75,0
P543995,2024-03-29,64.99,12.31,80.0,-3.42,0
P543995,2024-03-30,67.69,13.98,85.0,-0.72,0
P543995,2024-03-31,68.06,15.36,93.0,-0.35,0
P543995,2024-04-01,66.52,13.16,87.0,-1.89,0
P543995,2024-04-02,65.7,12.86,80.0,-2.71,1
P543995,2024-04-03,64.7,12.74,81.0,-3.71,0
P543995,2024-04-04,67.12,12.99,86.0,-1.29,0
P543995,2024-04-05,67.08,14.75,92.3,-1.33,1
P543995,2024-04-06,65.84,13.64,85.0,-2.57,0
P543995,2024-04-07,65.86,13.52,89.0,-2.55,0
P543995,2024-04-08,63.07,12.25,81.0,-5.34,0
P543995,2024-04-09,63.66,13.23,85.0,-4.75,0
P543995,2024-04-10,64.04,12.36,78.0,-4.37,0
P543995,2024-04-11,64.04,12.6,80.0,-4.37,0
P543995,2024-04-12,62.18,12.66,78.0,-6.23,0
P543995,2024-04-13,65.33,14.49,90.0,-3.08,0
P543995,2024-04-14,64.92,13.46,82.0,-3.49,0
P543995,2024-04-15,67.52,15.73,93.0,-0.89,0
P543995,2024-04-16,62.89,12.03,77.0,-5.52,0
P543995,2024-04-17,63.71,13.85,80.8,-4.7,0
P543995,2024-04-18,62.63,13.9,82.0,-5.78,0
P543995,2024-04-19,62.25,13.46,84.0,-6.16,0
P543995,2024-04-20,63.73,13.67,86.0,-4.68,0
P543995,2024-04-21,62.63,13.12,79.0,-5.78,0
P543995,2024-04-22,65.1,13.38,84.0,-3.31,0
P543995,2024-04-23,63.61,12.93,84.0,-4.8,0
P543995,2024-04-24,63.93,12.23,75.0,-4.48,0
P543995,2024-04-25,66.58,14.9,92.9,-1.83,0
P543995,2024-04-26,63.51,10.92,77.0,-4.9,0
P543995,2024-04-27,61.71,12.18,78.0,-6.7,0
P543995,2024-04-28,64.32,15.61,90.0,-4.09,0
P543995,2024-04-29,66.43,15.25,92.0,-1.98,0
P543995,2024-04-30,62.22,12.12,76.0,-6.19,0
P543995,2024-05-01,62.95,11.41,75.0,-5.46,0
P543995,2024-05-02,63.8,13.28,79.4,-4.61,0
P543995,2024-05-03,62.26,13.82,82.0,-6.15,0
P543995,2024-05-04,61.83,13.02,76.0,-6.58,0
P543995,2024-05-05,61.25,11.89,75.4,-7.16,0
P543995,2024-05-06,65.93,14.14,88.0,-2.48,0
P543995,2024-05-07,63.38,12.6,77.4,-5.03,0
P543995,2024-05-08,64.47,13.86,86.0,-3.94,0
P543995,2024-05-09,61.64,11.1,75.0,-6.77,0
P543995,2024-05-10,61.47,9.94,70.9,-6.94,0
P543995,2024-05-11,64.91,12.07,81.0,-3.5,0
P543995,2024-05-12,67.99,17.08,101.0,-0.42,0
P543995,2024-05-13,64.03,13.85,82.0,-4.38,0
P543995,2024-05-14,62.52,11.24,77.0,-5.89,0
P543995,2024-05-15,64.86,15.24,92.0,-3.55,0
P543995,2024-05-16,65.37,16.2,97.4,-3.04,0
P543995,2024-05-17,65.75,15.7,91.0,-2.66,0
P543995,2024-05-18,66.23,13.26,88.3,-2.18,0
P543995,2024-05-19,64.51,14.31,80.1,-3.9,0
P543995,2024-05-20,63.11,13.18,80.7,-5.3,0
P543995,2024-05-21,63.1,13.14,81.0,-5.31,0
P543995,2024-05-22,66.96,16.92,98.9,-1.45,0
P543995,2024-05-23,68.05,16.42,98.0,-0.36,0
P543995,2024-05-24,60.42,11.83,73.8,-7.99,0
P543995,2024-05-25,60.9,12.53,74.0,-7.51,0
P543995,2024-05-26,61.84,12.65,78.2,-6.57,0
P543995,2024-05-27,64.48,12.5,81.0,-3.93,0
P543995,2024-05-28,62.49,11.94,79.0,-5.92,0
P543995,2024-05-29,64.18,13.48,80.0,-4.23,0
P543995,2024-05-30,63.49,13.66,77.2,-4.92,0
P543995,2024-05-31,63.02,13.89,85.0,-5.39,0
P543995,2024-06-01,64.31,15.43,91.0,-4.1,0
P543995,2024-06-02,67.13,15.68,94.0,-1.28,0
P543995,2024-06-03,65.32,15.14,91.0,-3.09,0
P543995,2024-06-04,62.0,11.79,77.0,-6.41,0
P543995,2024-06-05,63.47,14.4,83.0,-4.94,0
P543995,2024-06-06,67.62,15.71,94.0,-0.79,0
P543995,2024-06-07,63.66,12.69,78.0,-4.75,0
P543995,2024-06-08,66.71,15.39,90.5,-1.7,0
P543995,2024-06-09,64.36,13.51,84.0,-4.05,0
P543995,2024-06-10,64.66,15.37,91.0,-3.75,0
P543995,2024-06-11,62.93,13.66,85.0,-5.48,0
P543995,2024-06-12,59.98,10.79,72.0,-8.43,0
P543995,2024-06-13,63.03,13.11,84.0,-5.38,0
P543995,2024-06-14,61.93,11.25,75.0,-6.48,0
P543995,2024-06-15,65.37,13.74,86.0,-3.04,0
P543995,2024-06-16,65.07,14.15,86.0,-3.34,0
P543995,2024-06-17,65.37,14.15,83.0,-3.04,0
P543995,2024-06-18,65.11,14.48,86.0,-3.3,0
P543995,2024-06-19,64.35,13.19,85.0,-4.06,0
P543995,2024-06-20,63.94,15.98,93.0,-4.47,0
P543995,2024-06-21,65.23,15.0,89.0,-3.18,0
P543995,2024-06-22,65.81,13.96,88.0,-2.6,0
P543995,2024-06-23,66.76,14.25,89.0,-1.65,0
P543995,2024-06-24,66.23,15.99,97.0,-2.18,0
P543995,2024-06-25,65.69,16.14,95.0,-2.72,0
P543995,2024-06-26,64.14,13.01,81.0,-4.27,0
P543995,2024-06-27,64.84,14.58,88.4,-3.57,0
P543995,2024-06-28,64.65,13.22,81.8,-3.76,0
P543995,2024-06-29,65.54,14.3,86.0,-2.87,0
P543995,2024-06-30,66.03,14.31,90.0,-2.38,0
P543995,2024-07-01,65.97,13.92,86.1,-2.44,0
P543995,2024-07-02,64.19,12.13,80.0,-4.22,0
P543995,2024-07-03,67.43,16.8,97.0,-0.98,0
P543995,2024-07-04,65.77,13.76,89.0,-2.64,0
P543995,2024-07-05,65.04,14.82,87.0,-3.37,0
P543995,2024-07-06,65.92,14.96,91.6,-2.49,0
P543995,2024-07-07,65.16,13.69,84.0,-3.25,0
P543995,2024-07-08,65.74,14.77,89.0,-2.67,0
P543995,2024-07-09,63.76,13.27,84.0,-4.65,0
P543995,2024-07-10,63.13,12.65,83.0,-5.28,0
P543995,2024-07-11,68.15,14.63,88.8,-0.26,0
P543995,2024-07-12,65.19,11.92,78.0,-3.22,0
P543995,2024-07-13,74.27,12.69,91.6,5.86,0
P543995,2024-07-14,67.18,6.32,75.0,-1.23,2
P543995,2024-07-15,64.33,5.94,72.0,-4.08,2
P543995,2024-07-16,61.73,7.27,72.0,-6.68,0
P543995,2024-07-17,62.13,4.95,68.0,-6.28,0
P543995,2024-07-18,61.94,5.63,68.0,-6.47,0
P543995,2024-07-19,60.28,4.33,65.0,-8.13,0
P543995,2024-07-20,62.24,5.16,68.0,-6.17,1
P543995,2024-07-21,59.65,5.23,66.0,-8.76,0
P543995,2024-07-22,57.84,4.91,64.0,-10.57,0
P543995,2024-07-23,57.46,7.16,66.0,-10.95,0
P543995,2024-07-24,56.92,6.05,65.0,-11.49,0
P543995,2024-07-25,57.5,7.2,67.0,-10.91,0
P543995,2024-07-26,56.06,6.63,66.0,-12.35,0
P543995,2024-07-27,56.81,9.25,68.0,-11.6,0
P543995,2024-07-28,57.51,7.5,67.0,-10.9,0
P543995,2024-07-29,61.85,13.68,81.0,-6.56,0
P543995,2024-07-30,62.48,12.44,79.0,-5.93,0
P543995,2024-07-31,66.32,12.66,81.7,-2.09,0
P543995,2024-08-01,67.95,14.33,88.0,-0.46,0
P543995,2024-08-02,66.88,13.03,86.0,-1.53,0
P543995,2024-08-03,66.05,14.28,88.0,-2.36,0
P543995,2024-08-04,65.37,12.02,78.0,-3.04,0
P543995,2024-08-05,69.89,13.99,86.0,1.48,0
P543995,2024-08-06,70.51,15.54,96.0,2.1,0
P543995,2024-08-07,70.05,14.16,89.6,1.64,0
P543995,2024-08-08,70.14,14.12,92.0,1.73,0
P543995,2024-08-09,69.36,14.71,87.0,0.95,1
P543995,2024-08-10,69.22,13.59,90.0,0.81,1
P543995,2024-08-11,73.37,16.33,100.0,4.96,1
P543995,2024-08-12,71.19,16.2,97.0,2.78,0
P543995,2024-08-13,73.83,12.55,90.0,5.42,0
P543995,2024-08-14,67.55,12.83,86.0,-0.86,1
P543995,2024-08-15,67.08,13.45,85.0,-1.33,0
P543995,2024-08-16,66.92,13.74,86.0,-1.49,0
P543995,2024-08-17,67.64,13.52,86.1,-0.77,0
P543995,2024-08-18,65.91,12.73,83.0,-2.5,0
P543995,2024-08-19,68.98,14.56,92.0,0.57,0
P543995,2024-08-20,63.91,10.79,74.0,-4.5,0
P543995,2024-08-21,68.47,14.36,89.0,0.06,0
P543995,2024-08-22,66.13,12.99,85.9,-2.28,0
P543995,2024-08-23,66.63,13.39,86.0,-1.78,0
P543995,2024-08-24,63.5,12.38,77.0,-4.91,0
P543995,2024-08-25,66.96,12.66,84.7,-1.45,0
P543995,2024-08-26,67.01,13.96,91.0,-1.4,0
P543995,2024-08-27,64.23,14.77,89.0,-4.18,0
P543995,2024-08-28,65.66,14.79,88.0,-2.75,0
P543995,2024-08-29,66.05,13.64,81.0,-2.36,0
P543995,2024-08-30,64.05,12.1,80.0,-4.36,0
P543995,2024-08-31,67.41,11.56,81.0,-1.0,0
P543995,2024-09-01,63.5,11.07,74.0,-4.91,0
P543995,2024-09-02,65.55,12.79,82.6,-2.86,0
P543995,2024-09-03,64.97,12.28,81.0,-3.44,0
P543995,2024-09-04,61.87,10.05,73.0,-6.54,0
P543995,2024-09-05,63.13,11.9,73.3,-5.28,0
P543995,2024-09-06,62.86,9.07,72.0,-5.55,0
P543995,2024-09-07,64.22,10.87,77.0,-4.19,0
P543995,2024-09-08,63.17,9.95,75.0,-5.24,0
P543995,2024-09-09,71.27,14.49,91.9,2.86,0
P543995,2024-09-10,63.23,12.15,81.0,-5.18,0
P543995,2024-09-11,66.26,14.04,86.0,-2.15,0
P543995,2024-09-12,60.92,8.12,67.0,-7.49,0
P543995,2024-09-13,64.45,10.4,79.0,-3.96,0
P543995,2024-09-14,66.0,13.77,82.1,-2.41,0
P543995,2024-09-15,65.59,14.58,92.0,-2.82,0
P543995,2024-09-16,63.13,10.71,77.0,-5.28,0
P543995,2024-09-17,63.97,9.43,75.0,-4.44,0
P543995,2024-09-18,61.25,8.89,71.0,-7.16,0
P543995,2024-09-19,63.66,13.88,84.0,-4.75,0
P543995,2024-09-20,59.92,11.41,74.0,-8.49,0
P543995,2024-09-21,67.8,14.79,90.0,-0.61,0
P543995,2024-09-22,64.22,10.05,71.0,-4.19,0
P543995,2024-09-23,69.68,15.87,93.8,1.27,0
P543995,2024-09-24,67.34,14.69,92.0,-1.07,0
P543995,2024-09-25,63.34,12.0,78.0,-5.07,0
P543995,2024-09-26,67.66,16.52,93.0,-0.75,0
P543995,2024-09-27,64.14,13.69,84.0,-4.27,0
P543995,2024-09-28,64.04,11.84,77.0,-4.37,0
P543995,2024-09-29,63.82,11.61,73.0,-4.59,0
P543995,2024-09-30,67.58,14.38,87.0,-0.83,0
P543995,2024-10-01,65.69,13.07,87.0,-2.72,0
P543995,2024-10-02,65.78,12.73,82.0,-2.63,0
P543995,2024-10-03,63.7,9.89,71.0,-4.71,0
P543995,2024-10-04,63.93,11.97,79.0,-4.48,0
P584112,2025-02-14,74.97,8.57,85.4,-0.7,0
P584112,2025-02-15,75.63,8.92,87.0,-0.04,0
P584112,2025-02-16,73.3,8.3,84.0,-2.37,0
P584112,2025-02-17,77.35,10.34,92.0,1.68,0
P584112,2025-02-18,77.08,8.79,87.0,1.41,0
P584112,2025-02-19,81.65,12.03,100.0,5.98,1
P584112,2025-02-20,77.87,8.71,88.0,2.2,0
P584112,2025-02-21,76.16,8.57,87.0,0.49,0
P584112,2025-02-22,80.07,12.72,98.0,4.4,0
P584112,2025-02-23,75.44,11.79,87.3,-0.23,0
P584112,2025-02-24,80.51,11.41,97.0,4.84,0
P584112,2025-02-25,72.3,8.55,82.0,-3.37,0
P584112,2025-02-26,74.32,8.95,86.0,-1.35,0
P584112,2025-02-27,78.13,12.04,95.0,2.46,0
P584112,2025-02-28,81.48,10.37,95.0,5.81,0
P584112,2025-03-01,85.92,10.84,99.0,10.25,2
P584112,2025-03-02,84.71,10.61,98.0,9.04,2
P584112,2025-03-03,83.48,9.3,95.0,7.81,2
P584112,2025-03-04,81.05,12.58,98.0,5.38,0
P584112,2025-03-05,77.25,8.7,85.0,1.58,0
P584112,2025-03-06,78.86,9.7,90.0,3.19,0
P584112,2025-03-07,80.21,9.57,92.0,4.54,0
P584112,2025-03-08,82.84,9.22,95.0,7.17,1
P584112,2025-03-09,84.35,8.73,97.0,8.68,1
P584112,2025-03-10,86.17,9.09,99.9,10.5,1
P584112,2025-03-11,85.57,11.33,101.0,9.9,1
P584112,2025-03-12,74.64,8.98,87.0,-1.03,0
P584112,2025-03-13,76.43,9.8,90.0,0.76,0
P584112,2025-03-14,82.47,10.13,96.0,6.8,0
P584112,2025-03-15,78.53,9.73,92.0,2.86,0
P584112,2025-03-16,78.14,8.93,90.0,2.47,0
P584112,2025-03-17,80.23,9.82,92.0,4.56,0
P584112,2025-03-18,79.07,9.31,93.0,3.4,0
P584112,2025-03-19,76.94,10.42,90.0,1.27,0
P584112,2025-03-20,76.96,9.14,89.0,1.29,0
P584112,2025-03-21,79.87,10.81,96.0,4.2,0
P584112,2025-03-22,77.21,8.82,88.0,1.54,0
P584112,2025-03-23,77.19,10.09,91.0,1.52,0
P584112,2025-03-24,80.01,9.24,92.0,4.34,0
P584112,2025-03-25,81.45,11.04,97.0,5.78,0
P584112,2025-03-26,73.54,9.79,86.0,-2.13,0
P584112,2025-03-27,82.88,11.04,98.0,7.21,0
P584112,2025-03-28,82.23,9.69,96.0,6.56,0
P584112,2025-03-29,84.7,10.49,98.0,9.03,0
P584112,2025-03-30,85.81,10.45,99.4,10.14,2
P584112,2025-03-31,85.54,8.26,96.0,9.87,2
P584112,2025-04-01,87.16,10.57,101.0,11.49,2
P584112,2025-04-02,82.77,9.95,97.0,7.1,0
P584112,2025-04-03,82.77,10.25,95.0,7.1,0
P584112,2025-04-04,82.38,9.38,93.0,6.71,0
P584112,2025-04-05,83.97,8.54,95.0,8.3,0
P584112,2025-04-06,83.04,8.78,94.0,7.37,2
P584112,2025-04-07,79.43,8.58,90.0,3.76,0
P584112,2025-04-08,74.77,8.56,84.0,-0.9,0
P584112,2025-04-09,74.39,8.99,87.0,-1.28,0
P584112,2025-04-10,77.07,9.67,89.0,1.4,0
P584112,2025-04-11,80.19,9.88,92.0,4.52,0
P584112,2025-04-12,80.13,9.99,93.0,4.46,0
P584112,2025-04-13,78.8,9.33,89.0,3.13,0
P584112,2025-04-14,77.65,8.38,86.0,1.98,0
P584112,2025-04-15,75.17,9.69,87.0,-0.5,0
P584112,2025-04-16,79.74,11.61,97.0,4.07,0
P584112,2025-04-17,75.69,9.08,87.0,0.02,0
P584112,2025-04-18,79.19,8.84,91.0,3.52,0
P584112,2025-04-19,78.11,8.14,88.0,2.44,0
P584112,2025-04-20,77.93,8.42,88.0,2.26,0
P584112,2025-04-21,75.69,9.71,87.0,0.02,0
P584112,2025-04-22,74.19,8.4,84.0,-1.48,0
P584112,2025-04-23,81.1,11.6,96.0,5.43,0
P584112,2025-04-24,77.55,9.53,89.0,1.88,0
P584112,2025-04-25,79.27,9.83,91.0,3.6,0
P584112,2025-04-26,82.15,9.79,94.0,6.48,0
P584112,2025-04-27,82.17,8.86,93.0,6.5,0
P584112,2025-04-28,79.76,8.88,91.0,4.09,0
P584112,2025-04-29,77.34,9.02,89.0,1.67,0
P584112,2025-04-30,72.8,8.38,83.0,-2.87,0
P584112,2025-05-01,74.95,9.24,85.0,-0.72,0
P584112,2025-05-02,80.09,7.78,89.0,4.42,0
P584112,2025-05-03,81.98,10.6,98.0,6.31,0
P584112,2025-05-04,81.63,10.47,94.0,5.96,0
P584112,2025-05-05,82.34,9.84,97.0,6.67,0
P584112,2025-05-06,71.73,9.07,82.0,-3.94,0
P584112,2025-05-07,70.65,8.96,81.0,-5.02,0
P584112,2025-05-08,74.37,10.22,89.0,-1.3,0
P584112,2025-05-09,74.69,8.4,85.0,-0.98,0
P584112,2025-05-10,75.46,8.13,86.0,-0.21,0
P584112,2025-05-11,73.45,7.61,83.0,-2.22,0
P584112,2025-05-12,71.85,8.84,82.0,-3.82,0
P584112,2025-05-13,72.2,8.31,82.0,-3.47,0
P584112,2025-05-14,70.42,6.95,80.0,-5.25,0
P584112,2025-05-15,76.98,10.35,91.0,1.31,0
P584112,2025-05-16,78.28,9.47,90.0,2.61,0
P584112,2025-05-17,79.17,8.36,89.0,3.5,0
P584112,2025-05-18,81.67,7.66,90.0,6.0,0
P584112,2025-05-19,78.81,8.8,88.9,3.14,2
P584112,2025-05-20,79.07,10.28,92.0,3.4,0
P584112,2025-05-21,83.79,8.43,95.0,8.12,0
P584112,2025-05-22,77.78,8.05,87.0,2.11,0
P584112,2025-05-23,81.6,9.51,93.0,5.93,0
P584112,2025-05-24,81.69,10.28,95.0,6.02,0
P584112,2025-05-25,82.71,10.13,94.0,7.04,0
P584112,2025-05-26,82.67,7.7,91.0,7.0,0
P584112,2025-05-27,77.36,9.7,91.0,1.69,0
P584112,2025-05-28,81.33,11.14,96.0,5.66,0
P584112,2025-05-29,78.46,7.86,88.0,2.79,0
P584112,2025-05-30,80.07,7.75,89.0,4.4,0
P584112,2025-05-31,75.61,8.74,86.0,-0.06,0
P584112,2025-06-01,74.73,9.52,88.0,-0.94,0
P584112,2025-06-02,84.6,8.38,97.0,8.93,0
P584112,2025-06-03,77.72,7.71,88.0,2.05,0
P584112,2025-06-04,78.8,6.85,87.0,3.13,0
P584112,2025-06-05,75.4,7.75,84.0,-0.27,0
P584112,2025-06-06,77.24,8.83,88.0,1.57,0
P584112,2025-06-07,75.15,7.51,85.0,-0.52,0
P584112,2025-06-08,77.11,9.19,92.0,1.44,0
P584112,2025-06-09,78.64,8.47,90.0,2.97,0
P584112,2025-06-10,76.96,7.72,88.0,1.29,0
P584112,2025-06-11,81.53,10.23,98.0,5.86,0
P584112,2025-06-12,81.12,8.21,92.0,5.45,0
P584112,2025-06-13,79.92,9.35,92.0,4.25,0
P584112,2025-06-14,75.61,7.17,83.0,-0.06,0
P584112,2025-06-15,77.37,7.82,87.0,1.7,0
P584112,2025-06-16,78.85,7.46,89.0,3.18,0
P584112,2025-06-17,77.58,9.73,89.0,1.91,0
P584112,2025-06-18,81.94,11.01,100.2,6.27,0
P584112,2025-06-19,80.61,8.06,90.0,4.94,0
P584112,2025-06-20,81.08,8.38,90.0,5.41,0
P584112,2025-06-21,79.73,8.54,92.0,4.06,0
P584112,2025-06-22,81.34,8.68,93.0,5.67,0
P584112,2025-06-23,85.46,11.85,101.0,9.79,0
P584112,2025-06-24,85.57,11.4,105.0,9.9,0
P584112,2025-06-25,77.17,7.84,86.9,1.5,0
P584112,2025-06-26,80.95,8.7,93.0,5.28,0
P584112,2025-06-27,80.36,8.86,90.0,4.69,0
P584112,2025-06-28,74.84,6.96,83.0,-0.83,0
P584112,2025-06-29,78.14,9.11,90.0,2.47,0
P584112,2025-07-01,79.81,9.99,97.0,4.14,2
P584112,2025-07-02,76.69,8.54,88.0,1.02,0
P584112,2025-07-03,78.99,11.56,92.0,3.32,0
P584112,2025-07-05,73.12,5.9,79.0,-2.55,0
P584112,2025-07-06,73.39,6.85,81.0,-2.28,0
P584112,2025-07-07,75.79,8.16,86.0,0.12,0
P584112,2025-07-08,73.75,8.89,83.0,-1.92,0
P584112,2025-07-09,77.99,7.53,86.0,2.32,0
P584112,2025-07-10,79.46,6.8,87.0,3.79,0
P584112,2025-07-11,76.94,7.6,87.0,1.27,0
P584112,2025-07-12,74.17,8.35,84.0,-1.5,0
P584112,2025-07-13,81.35,9.75,92.0,5.68,0
P584112,2025-07-14,77.43,7.23,86.0,1.76,0
P584112,2025-07-15,75.94,10.37,88.0,0.27,0
P584112,2025-07-16,71.42,7.28,79.0,-4.25,0
P584112,2025-07-17,75.76,9.23,87.0,0.09,0
P584112,2025-07-18,76.51,7.7,86.0,0.84,0
P584112,2025-07-19,79.3,9.56,92.0,3.63,0
P584112,2025-07-20,78.42,7.43,87.0,2.75,0
P584112,2025-07-21,76.29,9.12,87.0,0.62,0
P584112,2025-07-22,77.8,9.42,88.0,2.13,0
P584112,2025-07-23,81.56,9.63,96.0,5.89,0
P584112,2025-07-24,76.7,7.34,85.0,1.03,0
P584112,2025-07-25,76.34,7.02,84.0,0.67,0
P584112,2025-07-26,80.12,8.12,91.0,4.45,0
P584112,2025-07-27,79.3,7.91,89.0,3.63,0
P584112,2025-07-28,78.67,8.07,87.0,3.0,0
P584112,2025-07-29,74.48,6.67,83.0,-1.19,0
P584112,2025-07-30,74.58,7.52,83.0,-1.09,0
P584112,2025-07-31,81.23,10.48,97.0,5.56,0
P584112,2025-08-01,79.1,7.25,88.0,3.43,0
P584112,2025-08-02,83.86,10.52,98.0,8.19,0
P584112,2025-08-03,86.1,8.54,96.0,10.43,2
P584112,2025-08-04,80.1,8.45,91.0,4.43,0
P584112,2025-08-05,79.38,9.74,92.0,3.71,0
P584112,2025-08-06,80.68,7.9,89.0,5.01,0
P584112,2025-08-07,83.5,8.2,94.0,7.83,1
P584112,2025-08-08,81.04,8.31,91.0,5.37,0
P584112,2025-08-09,79.91,8.76,91.0,4.24,0
P584112,2025-08-10,81.97,9.75,95.0,6.3,0
P584112,2025-08-11,80.26,8.76,91.0,4.59,0
P584112,2025-08-12,73.16,7.59,82.0,-2.51,0
P584112,2025-08-13,78.96,9.35,91.0,3.29,0
P584112,2025-08-14,76.23,7.57,86.0,0.56,0
P584112,2025-08-15,78.05,7.07,88.5,2.38,0
P584112,2025-08-16,71.92,3.4,76.0,-3.75,0
P584112,2025-08-17,80.4,7.96,91.0,4.73,0
P584112,2025-08-18,77.54,6.33,86.0,1.87,0
P584112,2025-08-19,77.41,7.2,85.0,1.74,0
P584112,2025-08-20,79.67,11.14,96.0,4.0,0
P584112,2025-08-21,81.8,8.15,92.0,6.13,0
P584112,2025-08-22,85.16,8.77,97.0,9.49,0
P584112,2025-08-23,82.28,8.81,92.0,6.61,0
P584112,2025-08-24,83.18,6.72,90.0,7.51,0
P584112,2025-08-25,80.3,7.1,91.0,4.63,0
P584112,2025-08-26,79.86,8.91,90.0,4.19,0
P584112,2025-08-30,80.0,8.8,92.0,4.33,0
P584112,2025-08-31,78.34,7.97,91.0,2.67,0
P584112,2025-09-01,82.53,10.85,96.0,6.86,0
P584112,2025-09-02,80.67,10.34,96.0,5.0,0
P584112,2025-09-03,83.38,7.02,93.0,7.71,1
P584112,2025-09-04,81.73,9.89,95.0,6.06,0
P584112,2025-09-05,81.23,9.08,92.0,5.56,0
P584112,2025-09-06,78.31,8.41,88.0,2.64,0
P584112,2025-09-07,79.91,12.39,98.0,4.24,0
P584112,2025-09-08,81.1,10.85,94.0,5.43,0
P584112,2025-09-09,75.96,7.46,84.0,0.29,0
P584112,2025-09-10,75.28,9.29,89.0,-0.39,0
P584112,2025-09-11,80.45,11.54,97.0,4.78,0
P584112,2025-09-12,79.06,8.81,91.0,3.39,0
P584112,2025-09-13,78.98,8.21,90.0,3.31,0
P584112,2025-09-14,80.76,9.54,92.0,5.09,0
P584112,2025-09-15,81.51,9.26,93.0,5.84,0
P584112,2025-09-17,73.15,8.26,83.0,-2.52,0
P584112,2025-09-18,78.98,10.74,93.0,3.31,0
P584112,2025-09-19,79.56,9.19,92.0,3.89,0
P584112,2025-09-20,75.19,7.69,84.0,-0.48,0
P584112,2025-09-21,79.33,11.4,95.0,3.66,0
P584112,2025-09-22,79.22,10.9,95.0,3.55,0
